dataset,group,instance,algorithm,generation,time,pareto_size,makespan_min,carbon_min,norm_makespan_min,norm_makespan_max,norm_carbon_min,norm_carbon_max,HV
data100,RC,h100rc103,NSGA_II,0,0.24614572525024414,6,174.37,5046.73,105.4,491.47,1092.49,6013.73,0.26367293320634844
data100,RC,h100rc103,NSGA_II,1,14.080657243728638,9,151.91,1861.3,105.4,491.47,1092.49,6013.73,0.9061437764815498
data100,RC,h100rc103,NSGA_II,2,25.01165747642517,9,151.91,1833.78,105.4,491.47,1092.49,6013.73,0.912181010953572
data100,RC,h100rc103,NSGA_II,3,39.56074666976929,8,151.91,1779.32,105.4,491.47,1092.49,6013.73,0.9229886663672301
data100,RC,h100rc103,NSGA_II,4,48.64947152137756,10,151.91,1779.32,105.4,491.47,1092.49,6013.73,0.923400333952941
data100,RC,h100rc103,NSGA_II,5,59.49361538887024,9,151.91,1779.32,105.4,491.47,1092.49,6013.73,0.9238544304928993
data100,RC,h100rc103,NSGA_II,6,69.96567344665527,11,151.91,1716.11,105.4,491.47,1092.49,6013.73,0.926430856334814
data100,RC,h100rc103,NSGA_II,7,79.67605471611023,14,151.91,1716.11,105.4,491.47,1092.49,6013.73,0.9267722326059505
data100,RC,h100rc103,NSGA_II,8,94.39839243888855,15,151.91,1716.11,105.4,491.47,1092.49,6013.73,0.9270438331568931
data100,RC,h100rc103,NSGA_II,9,101.57129454612732,18,150.29,1716.11,105.4,491.47,1092.49,6013.73,0.9314588997247574
data100,RC,h100rc103,NSGA_II,10,109.02454090118408,21,150.29,1716.11,105.4,491.47,1092.49,6013.73,0.931810936420258
data100,RC,h100rc103,NSGA_II,11,114.95760226249695,22,150.29,1716.11,105.4,491.47,1092.49,6013.73,0.9318135064971889
data100,RC,h100rc103,NSGA_II,12,122.7912950515747,22,150.29,1716.11,105.4,491.47,1092.49,6013.73,0.9335430682159789
data100,RC,h100rc103,NSGA_II,13,129.04117465019226,22,150.29,1716.11,105.4,491.47,1092.49,6013.73,0.9335430682159789
data100,RC,h100rc103,NSGA_II,14,136.6747817993164,20,150.29,1638.67,105.4,491.47,1092.49,6013.73,0.9467056704156223
data100,RC,h100rc103,NSGA_II,15,143.10599660873413,20,150.29,1611.26,105.4,491.47,1092.49,6013.73,0.949623690693078
data100,RC,h100rc103,NSGA_II,16,150.47389388084412,19,150.29,1611.26,105.4,491.47,1092.49,6013.73,0.9502047465070256
data100,RC,h100rc103,NSGA_II,17,157.17614579200745,20,150.29,1611.26,105.4,491.47,1092.49,6013.73,0.9504736690830708
data100,RC,h100rc103,NSGA_II,18,164.43985414505005,20,150.29,1611.26,105.4,491.47,1092.49,6013.73,0.9504736690830708
data100,RC,h100rc103,NSGA_II,19,172.139319896698,21,142.5,1611.26,105.4,491.47,1092.49,6013.73,0.9672179306934178
data100,RC,h100rc103,NSGA_II,20,180.5061058998108,20,142.5,1611.26,105.4,491.47,1092.49,6013.73,0.9674343005911268
data100,RC,h100rc103,MOEA_D,0,0.06859660148620605,5,168.79,5444.5,105.4,491.47,1092.49,6013.73,0.1872636099891131
data100,RC,h100rc103,MOEA_D,1,4.8508641719818115,4,138.9,1300.29,105.4,491.47,1092.49,6013.73,1.0554144475397438
data100,RC,h100rc103,MOEA_D,2,9.770352363586426,6,138.9,1300.29,105.4,491.47,1092.49,6013.73,1.0631639686660723
data100,RC,h100rc103,MOEA_D,3,15.465257406234741,6,138.9,1300.29,105.4,491.47,1092.49,6013.73,1.0631639686660723
data100,RC,h100rc103,MOEA_D,4,18.681556463241577,6,138.9,1275.12,105.4,491.47,1092.49,6013.73,1.0678450385173486
data100,RC,h100rc103,MOEA_D,5,21.548118829727173,6,138.9,1275.12,105.4,491.47,1092.49,6013.73,1.0678450385173486
data100,RC,h100rc103,MOEA_D,6,24.277868270874023,7,138.9,1275.12,105.4,491.47,1092.49,6013.73,1.0683034495022419
data100,RC,h100rc103,MOEA_D,7,28.642226457595825,7,138.9,1205.77,105.4,491.47,1092.49,6013.73,1.0755839855640423
data100,RC,h100rc103,MOEA_D,8,32.70207500457764,8,138.9,1205.77,105.4,491.47,1092.49,6013.73,1.0756627942388324
data100,RC,h100rc103,MOEA_D,9,34.99652647972107,9,138.9,1205.77,105.4,491.47,1092.49,6013.73,1.0790912583902583
data100,RC,h100rc103,MOEA_D,10,37.17564821243286,10,138.9,1205.77,105.4,491.47,1092.49,6013.73,1.0794650111042112
data100,RC,h100rc103,MOEA_D,11,40.117530822753906,11,138.9,1205.77,105.4,491.47,1092.49,6013.73,1.0795013200857944
data100,RC,h100rc103,MOEA_D,12,46.74672794342041,9,138.9,1205.77,105.4,491.47,1092.49,6013.73,1.0799020749237984
data100,RC,h100rc103,MOEA_D,13,52.68035101890564,9,138.9,1203.7,105.4,491.47,1092.49,6013.73,1.0821885441494887
data100,RC,h100rc103,MOEA_D,14,55.97925114631653,10,138.9,1203.7,105.4,491.47,1092.49,6013.73,1.0826103717235318
data100,RC,h100rc103,MOEA_D,15,59.6134934425354,10,138.9,1203.7,105.4,491.47,1092.49,6013.73,1.0826103717235318
data100,RC,h100rc103,MOEA_D,16,63.28768014907837,7,138.9,1191.08,105.4,491.47,1092.49,6013.73,1.0871896250270994
data100,RC,h100rc103,MOEA_D,17,67.42942786216736,7,138.9,1191.08,105.4,491.47,1092.49,6013.73,1.0875483549755827
data100,RC,h100rc103,MOEA_D,18,71.16279411315918,7,138.9,1191.08,105.4,491.47,1092.49,6013.73,1.0875483549755827
data100,RC,h100rc103,MOEA_D,19,74.34588694572449,7,138.9,1191.08,105.4,491.47,1092.49,6013.73,1.0875483549755827
data100,RC,h100rc103,MOEA_D,20,76.96266293525696,7,138.9,1191.08,105.4,491.47,1092.49,6013.73,1.0875483549755827
data100,RC,h100rc103,MOEA_D,21,80.29967522621155,7,138.9,1191.08,105.4,491.47,1092.49,6013.73,1.0875483549755827
data100,RC,h100rc103,MOEA_D,22,83.72499656677246,5,138.9,1191.08,105.4,491.47,1092.49,6013.73,1.088467389011584
data100,RC,h100rc103,MOEA_D,23,86.21773028373718,6,138.9,1191.08,105.4,491.47,1092.49,6013.73,1.0886994355364403
data100,RC,h100rc103,MOEA_D,24,88.89937663078308,6,138.9,1191.08,105.4,491.47,1092.49,6013.73,1.0886994355364403
data100,RC,h100rc103,MOEA_D,25,93.88639259338379,6,138.9,1191.08,105.4,491.47,1092.49,6013.73,1.0886994355364403
data100,RC,h100rc103,MOEA_D,26,101.29247403144836,6,138.9,1191.08,105.4,491.47,1092.49,6013.73,1.0886994355364403
data100,RC,h100rc103,MOEA_D,27,105.26575374603271,6,138.9,1191.08,105.4,491.47,1092.49,6013.73,1.0886994355364403
data100,RC,h100rc103,MOEA_D,28,108.9984381198883,6,138.9,1191.08,105.4,491.47,1092.49,6013.73,1.0886994355364403
data100,RC,h100rc103,MOEA_D,29,111.52685546875,5,137.45,1191.08,105.4,491.47,1092.49,6013.73,1.0944459024943012
data100,RC,h100rc103,MOEA_D,30,114.52635049819946,5,137.45,1191.08,105.4,491.47,1092.49,6013.73,1.0944459024943012
data100,RC,h100rc103,MOEA_D,31,117.28511190414429,5,137.45,1191.08,105.4,491.47,1092.49,6013.73,1.0944459024943012
data100,RC,h100rc103,MOEA_D,32,119.9436662197113,5,137.45,1191.08,105.4,491.47,1092.49,6013.73,1.0944459024943012
data100,RC,h100rc103,MOEA_D,33,122.12686920166016,5,137.45,1191.08,105.4,491.47,1092.49,6013.73,1.0944459024943012
data100,RC,h100rc103,MOEA_D,34,124.56013298034668,6,137.45,1191.08,105.4,491.47,1092.49,6013.73,1.0944773150135274
data100,RC,h100rc103,MOEA_D,35,127.4564802646637,8,134.55,1191.08,105.4,491.47,1092.49,6013.73,1.102524423047604
data100,RC,h100rc103,MOEA_D,36,131.52892780303955,9,134.55,1191.08,105.4,491.47,1092.49,6013.73,1.1025590754532844
data100,RC,h100rc103,MOEA_D,37,133.74330496788025,11,134.55,1157.5,105.4,491.47,1092.49,6013.73,1.1058731341591488
data100,RC,h100rc103,MOEA_D,38,135.94322752952576,11,134.55,1157.5,105.4,491.47,1092.49,6013.73,1.1058731341591488
data100,RC,h100rc103,MOEA_D,39,138.37650895118713,11,134.55,1157.5,105.4,491.47,1092.49,6013.73,1.1058731341591488
data100,RC,h100rc103,MOEA_D,40,141.06240725517273,11,134.55,1157.5,105.4,491.47,1092.49,6013.73,1.1061025184990543
data100,RC,h100rc103,MOEA_D,41,143.395432472229,12,134.55,1157.5,105.4,491.47,1092.49,6013.73,1.1061116379299232
data100,RC,h100rc103,MOEA_D,42,146.10919713974,12,134.55,1151.24,105.4,491.47,1092.49,6013.73,1.107822482309498
data100,RC,h100rc103,MOEA_D,43,148.5754897594452,12,134.55,1151.24,105.4,491.47,1092.49,6013.73,1.107822482309498
data100,RC,h100rc103,MOEA_D,44,152.4764904975891,13,134.21,1151.24,105.4,491.47,1092.49,6013.73,1.1087119174384545
data100,RC,h100rc103,MOEA_D,45,158.82137537002563,13,134.21,1151.24,105.4,491.47,1092.49,6013.73,1.1087119174384545
data100,RC,h100rc103,MOEA_D,46,161.3316614627838,13,134.21,1151.24,105.4,491.47,1092.49,6013.73,1.1087119174384545
data100,RC,h100rc103,MOEA_D,47,164.3953893184662,13,134.21,1151.24,105.4,491.47,1092.49,6013.73,1.1087119174384545
data100,RC,h100rc103,MOEA_D,48,166.9140820503235,13,134.21,1151.24,105.4,491.47,1092.49,6013.73,1.1087119174384545
data100,RC,h100rc103,MOEA_D,49,168.7394769191742,13,134.21,1151.24,105.4,491.47,1092.49,6013.73,1.1087119174384545
data100,RC,h100rc103,MOEA_D,50,171.4915897846222,13,134.21,1151.24,105.4,491.47,1092.49,6013.73,1.1087119174384545
data100,RC,h100rc103,MOEA_D,51,176.22560501098633,13,134.21,1151.24,105.4,491.47,1092.49,6013.73,1.1087119174384545
data100,RC,h100rc103,MOEA_D,52,180.31829357147217,13,134.21,1151.24,105.4,491.47,1092.49,6013.73,1.1087119174384545
data100,RC,h100rc103,PFG_MOEA,0,0.08024168014526367,5,174.37,4854.22,105.4,491.47,1092.49,6013.73,0.30544170667676807
data100,RC,h100rc103,PFG_MOEA,1,16.530580282211304,10,152.52,1722.71,105.4,491.47,1092.49,6013.73,0.9192670856155851
data100,RC,h100rc103,PFG_MOEA,2,22.530401468276978,9,135.0,1544.08,105.4,491.47,1092.49,6013.73,1.0174093592760345
data100,RC,h100rc103,PFG_MOEA,3,27.335323572158813,15,135.0,1321.24,105.4,491.47,1092.49,6013.73,1.047547105386638
data100,RC,h100rc103,PFG_MOEA,4,32.29693245887756,20,135.0,1300.28,105.4,491.47,1092.49,6013.73,1.067033818382241
data100,RC,h100rc103,PFG_MOEA,5,37.84738779067993,26,135.0,1300.28,105.4,491.47,1092.49,6013.73,1.067325930810329
data100,RC,h100rc103,PFG_MOEA,6,42.34670567512512,26,135.0,1300.28,105.4,491.47,1092.49,6013.73,1.0685490626331786
data100,RC,h100rc103,PFG_MOEA,7,47.210795164108276,22,135.0,1300.28,105.4,491.47,1092.49,6013.73,1.0701392033365373
data100,RC,h100rc103,PFG_MOEA,8,52.10248422622681,22,135.0,1182.63,105.4,491.47,1092.49,6013.73,1.095150829568757
data100,RC,h100rc103,PFG_MOEA,9,56.75402212142944,28,135.0,1182.63,105.4,491.47,1092.49,6013.73,1.0952340086901584
data100,RC,h100rc103,PFG_MOEA,10,61.41764807701111,35,135.0,1182.63,105.4,491.47,1092.49,6013.73,1.0952340086901584
data100,RC,h100rc103,PFG_MOEA,11,68.02689146995544,17,132.9,1182.63,105.4,491.47,1092.49,6013.73,1.102803806068349
data100,RC,h100rc103,PFG_MOEA,12,72.01753735542297,23,132.9,1182.63,105.4,491.47,1092.49,6013.73,1.1032406787243192
data100,RC,h100rc103,PFG_MOEA,13,76.23039555549622,23,132.9,1182.63,105.4,491.47,1092.49,6013.73,1.1037520489786665
data100,RC,h100rc103,PFG_MOEA,14,80.148606300354,31,132.9,1182.63,105.4,491.47,1092.49,6013.73,1.1037987111648915
data100,RC,h100rc103,PFG_MOEA,15,84.74543952941895,36,132.9,1125.99,105.4,491.47,1092.49,6013.73,1.114450178040161
data100,RC,h100rc103,PFG_MOEA,16,90.06129908561707,46,132.9,1125.99,105.4,491.47,1092.49,6013.73,1.1144807437445658
data100,RC,h100rc103,PFG_MOEA,17,95.71093702316284,56,132.9,1125.99,105.4,491.47,1092.49,6013.73,1.1144807437445658
data100,RC,h100rc103,PFG_MOEA,18,101.19867897033691,66,132.9,1125.99,105.4,491.47,1092.49,6013.73,1.1144807437445658
data100,RC,h100rc103,PFG_MOEA,19,106.71662950515747,76,132.9,1125.99,105.4,491.47,1092.49,6013.73,1.1144807437445658
data100,RC,h100rc103,PFG_MOEA,20,110.29726266860962,86,132.9,1125.99,105.4,491.47,1092.49,6013.73,1.1144807437445658
data100,RC,h100rc103,PFG_MOEA,21,114.2766330242157,97,132.9,1125.99,105.4,491.47,1092.49,6013.73,1.1145151481954558
data100,RC,h100rc103,PFG_MOEA,22,118.00940036773682,108,132.9,1125.99,105.4,491.47,1092.49,6013.73,1.1145151481954558
data100,RC,h100rc103,PFG_MOEA,23,121.95940065383911,53,132.9,1125.99,105.4,491.47,1092.49,6013.73,1.117311347000066
data100,RC,h100rc103,PFG_MOEA,24,124.91224598884583,61,132.9,1125.99,105.4,491.47,1092.49,6013.73,1.11798957245946
data100,RC,h100rc103,PFG_MOEA,25,128.45917797088623,54,132.9,1125.99,105.4,491.47,1092.49,6013.73,1.1199927807904373
data100,RC,h100rc103,PFG_MOEA,26,131.74232864379883,62,132.9,1125.99,105.4,491.47,1092.49,6013.73,1.1199927807904373
data100,RC,h100rc103,PFG_MOEA,27,134.4051549434662,71,132.9,1125.99,105.4,491.47,1092.49,6013.73,1.1200437626322797
data100,RC,h100rc103,PFG_MOEA,28,137.40829968452454,80,132.9,1125.99,105.4,491.47,1092.49,6013.73,1.1200437626322797
data100,RC,h100rc103,PFG_MOEA,29,140.05879282951355,89,132.9,1125.99,105.4,491.47,1092.49,6013.73,1.1200437626322797
data100,RC,h100rc103,PFG_MOEA,30,144.25838494300842,98,132.9,1125.99,105.4,491.47,1092.49,6013.73,1.1200437626322797
data100,RC,h100rc103,PFG_MOEA,31,148.32448410987854,107,132.9,1125.99,105.4,491.47,1092.49,6013.73,1.1200437626322797
data100,RC,h100rc103,PFG_MOEA,32,152.12673544883728,117,132.9,1125.99,105.4,491.47,1092.49,6013.73,1.120047010729506
data100,RC,h100rc103,PFG_MOEA,33,157.4080765247345,127,132.9,1125.99,105.4,491.47,1092.49,6013.73,1.120047010729506
data100,RC,h100rc103,PFG_MOEA,34,162.30760598182678,137,132.9,1125.99,105.4,491.47,1092.49,6013.73,1.120047010729506
data100,RC,h100rc103,PFG_MOEA,35,167.2078709602356,147,132.9,1125.99,105.4,491.47,1092.49,6013.73,1.120047010729506
data100,RC,h100rc103,PFG_MOEA,36,171.97275710105896,157,132.9,1125.99,105.4,491.47,1092.49,6013.73,1.120047010729506
data100,RC,h100rc103,PFG_MOEA,37,175.84035229682922,167,132.9,1125.99,105.4,491.47,1092.49,6013.73,1.120047010729506
data100,RC,h100rc103,PFG_MOEA,38,179.640634059906,177,132.9,1125.99,105.4,491.47,1092.49,6013.73,1.120047010729506
data100,RC,h100rc103,PFG_MOEA,39,184.17423057556152,142,132.9,1125.99,105.4,491.47,1092.49,6013.73,1.120232459754284
data100,RC,h100rc103,PFG_MOEA_D,0,0.05606269836425781,5,174.37,4854.22,105.4,491.47,1092.49,6013.73,0.30544170667676807
data100,RC,h100rc103,PFG_MOEA_D,1,11.42193865776062,4,150.81,1560.87,105.4,491.47,1092.49,6013.73,0.9719721665769067
data100,RC,h100rc103,PFG_MOEA_D,2,16.204928874969482,7,147.36,1357.06,105.4,491.47,1092.49,6013.73,1.0242606827796383
data100,RC,h100rc103,PFG_MOEA_D,3,19.938580751419067,10,143.38,1323.41,105.4,491.47,1092.49,6013.73,1.0434723343575552
data100,RC,h100rc103,PFG_MOEA_D,4,25.49579644203186,7,142.27,1247.84,105.4,491.47,1092.49,6013.73,1.066911378927781
data100,RC,h100rc103,PFG_MOEA_D,5,35.08798551559448,8,140.88,1247.84,105.4,491.47,1092.49,6013.73,1.0737154924707686
data100,RC,h100rc103,PFG_MOEA_D,6,39.67107391357422,10,140.88,1201.78,105.4,491.47,1092.49,6013.73,1.0790276010689985
data100,RC,h100rc103,PFG_MOEA_D,7,42.20959830284119,7,140.88,1189.05,105.4,491.47,1092.49,6013.73,1.085661945661833
data100,RC,h100rc103,PFG_MOEA_D,8,45.45401859283447,6,140.88,1189.05,105.4,491.47,1092.49,6013.73,1.0867950002620623
data100,RC,h100rc103,PFG_MOEA_D,9,48.054184436798096,6,140.88,1189.05,105.4,491.47,1092.49,6013.73,1.0867950002620623
data100,RC,h100rc103,PFG_MOEA_D,10,51.46998047828674,6,140.88,1189.05,105.4,491.47,1092.49,6013.73,1.0867950002620623
data100,RC,h100rc103,PFG_MOEA_D,11,55.58944034576416,7,140.88,1189.05,105.4,491.47,1092.49,6013.73,1.0868616154139656
data100,RC,h100rc103,PFG_MOEA_D,12,59.3529326915741,8,140.88,1189.05,105.4,491.47,1092.49,6013.73,1.0869787107084832
data100,RC,h100rc103,PFG_MOEA_D,13,63.0530846118927,8,140.88,1184.88,105.4,491.47,1092.49,6013.73,1.0876979989180742
data100,RC,h100rc103,PFG_MOEA_D,14,69.11937141418457,8,140.88,1184.88,105.4,491.47,1092.49,6013.73,1.0876979989180742
data100,RC,h100rc103,PFG_MOEA_D,15,71.60238361358643,9,140.4,1176.41,105.4,491.47,1092.49,6013.73,1.0908489711895846
data100,RC,h100rc103,PFG_MOEA_D,16,74.63574075698853,9,140.4,1176.41,105.4,491.47,1092.49,6013.73,1.0908489711895846
data100,RC,h100rc103,PFG_MOEA_D,17,77.76905798912048,9,140.4,1176.41,105.4,491.47,1092.49,6013.73,1.0908489711895846
data100,RC,h100rc103,PFG_MOEA_D,18,81.49500489234924,9,140.4,1176.41,105.4,491.47,1092.49,6013.73,1.0908489711895846
data100,RC,h100rc103,PFG_MOEA_D,19,84.91873669624329,8,140.4,1144.93,105.4,491.47,1092.49,6013.73,1.0965598003228119
data100,RC,h100rc103,PFG_MOEA_D,20,88.56869554519653,8,140.4,1144.93,105.4,491.47,1092.49,6013.73,1.096964012948529
data100,RC,h100rc103,PFG_MOEA_D,21,92.44271850585938,8,140.4,1144.93,105.4,491.47,1092.49,6013.73,1.096964012948529
data100,RC,h100rc103,PFG_MOEA_D,22,96.88541078567505,8,140.4,1144.93,105.4,491.47,1092.49,6013.73,1.096964012948529
data100,RC,h100rc103,PFG_MOEA_D,23,101.4973657131195,8,140.4,1144.93,105.4,491.47,1092.49,6013.73,1.096964012948529
data100,RC,h100rc103,PFG_MOEA_D,24,104.5713152885437,9,140.4,1134.38,105.4,491.47,1092.49,6013.73,1.098646160853338
data100,RC,h100rc103,PFG_MOEA_D,25,108.3008394241333,10,140.4,1094.46,105.4,491.47,1092.49,6013.73,1.1037379411827366
data100,RC,h100rc103,PFG_MOEA_D,26,111.17969083786011,11,140.4,1094.46,105.4,491.47,1092.49,6013.73,1.1039559980783116
data100,RC,h100rc103,PFG_MOEA_D,27,114.07678842544556,11,140.4,1094.46,105.4,491.47,1092.49,6013.73,1.1039559980783116
data100,RC,h100rc103,PFG_MOEA_D,28,116.23385953903198,11,140.4,1094.46,105.4,491.47,1092.49,6013.73,1.1039559980783116
data100,RC,h100rc103,PFG_MOEA_D,29,118.53759670257568,11,140.4,1094.46,105.4,491.47,1092.49,6013.73,1.1039559980783116
data100,RC,h100rc103,PFG_MOEA_D,30,121.07649183273315,11,140.4,1094.46,105.4,491.47,1092.49,6013.73,1.1039559980783116
data100,RC,h100rc103,PFG_MOEA_D,31,123.49977540969849,12,140.4,1094.46,105.4,491.47,1092.49,6013.73,1.1040322235178823
data100,RC,h100rc103,PFG_MOEA_D,32,127.56923198699951,13,140.4,1094.46,105.4,491.47,1092.49,6013.73,1.1040336468236445
data100,RC,h100rc103,PFG_MOEA_D,33,129.81662797927856,13,140.4,1094.46,105.4,491.47,1092.49,6013.73,1.1040336468236445
data100,RC,h100rc103,PFG_MOEA_D,34,131.85373520851135,13,140.4,1094.46,105.4,491.47,1092.49,6013.73,1.104058329457213
data100,RC,h100rc103,PFG_MOEA_D,35,135.74942445755005,14,140.4,1094.46,105.4,491.47,1092.49,6013.73,1.1040669343463645
data100,RC,h100rc103,PFG_MOEA_D,36,138.27293300628662,12,136.41,1094.46,105.4,491.47,1092.49,6013.73,1.114533047504941
data100,RC,h100rc103,PFG_MOEA_D,37,147.4662573337555,11,136.41,1092.49,105.4,491.47,1092.49,6013.73,1.116919474670067
data100,RC,h100rc103,PFG_MOEA_D,38,150.62296652793884,11,136.41,1092.49,105.4,491.47,1092.49,6013.73,1.116919474670067
data100,RC,h100rc103,PFG_MOEA_D,39,153.66378784179688,10,136.41,1092.49,105.4,491.47,1092.49,6013.73,1.117267753147809
data100,RC,h100rc103,PFG_MOEA_D,40,156.28161597251892,10,136.41,1092.49,105.4,491.47,1092.49,6013.73,1.117267753147809
data100,RC,h100rc103,PFG_MOEA_D,41,159.25527119636536,10,136.41,1092.49,105.4,491.47,1092.49,6013.73,1.117267753147809
data100,RC,h100rc103,PFG_MOEA_D,42,161.51479578018188,10,136.41,1092.49,105.4,491.47,1092.49,6013.73,1.117267753147809
data100,RC,h100rc103,PFG_MOEA_D,43,165.54790949821472,9,136.41,1092.49,105.4,491.47,1092.49,6013.73,1.117447079884064
data100,RC,h100rc103,PFG_MOEA_D,44,168.63187217712402,9,136.41,1092.49,105.4,491.47,1092.49,6013.73,1.117447079884064
data100,RC,h100rc103,PFG_MOEA_D,45,175.3839771747589,9,136.41,1092.49,105.4,491.47,1092.49,6013.73,1.1174952916429888
data100,RC,h100rc103,PFG_MOEA_D,46,180.36042284965515,9,136.41,1092.49,105.4,491.47,1092.49,6013.73,1.1174952916429888
data100,RC,h100rc103,NSGA_III,0,0.19215607643127441,6,174.37,5046.73,105.4,491.47,1092.49,6013.73,0.26367293320634844
data100,RC,h100rc103,NSGA_III,1,17.048824071884155,11,151.91,1808.57,105.4,491.47,1092.49,6013.73,0.9133606907757761
data100,RC,h100rc103,NSGA_III,2,27.114067316055298,14,151.91,1764.47,105.4,491.47,1092.49,6013.73,0.9223319076819942
data100,RC,h100rc103,NSGA_III,3,33.45869278907776,14,151.91,1764.47,105.4,491.47,1092.49,6013.73,0.9223319076819942
data100,RC,h100rc103,NSGA_III,4,40.39721488952637,16,151.91,1764.47,105.4,491.47,1092.49,6013.73,0.9223540774508707
data100,RC,h100rc103,NSGA_III,5,50.32965540885925,16,148.35,1674.39,105.4,491.47,1092.49,6013.73,0.9374265684091947
data100,RC,h100rc103,NSGA_III,6,59.27356576919556,18,147.8,1674.39,105.4,491.47,1092.49,6013.73,0.9395905230781504
data100,RC,h100rc103,NSGA_III,7,68.42775368690491,19,147.8,1674.39,105.4,491.47,1092.49,6013.73,0.9398850146300849
data100,RC,h100rc103,NSGA_III,8,78.710693359375,16,147.8,1674.39,105.4,491.47,1092.49,6013.73,0.941830619184162
data100,RC,h100rc103,NSGA_III,9,88.27779245376587,17,147.8,1674.39,105.4,491.47,1092.49,6013.73,0.9419474091011176
data100,RC,h100rc103,NSGA_III,10,98.55600094795227,17,147.8,1674.39,105.4,491.47,1092.49,6013.73,0.9419474091011176
data100,RC,h100rc103,NSGA_III,11,107.07949542999268,11,147.8,1674.39,105.4,491.47,1092.49,6013.73,0.9431935983509934
data100,RC,h100rc103,NSGA_III,12,114.23387622833252,11,147.8,1674.39,105.4,491.47,1092.49,6013.73,0.9431935983509934
data100,RC,h100rc103,NSGA_III,13,122.26968336105347,11,147.8,1674.39,105.4,491.47,1092.49,6013.73,0.9431935983509934
data100,RC,h100rc103,NSGA_III,14,128.26683354377747,12,146.0,1674.39,105.4,491.47,1092.49,6013.73,0.9472007043493733
data100,RC,h100rc103,NSGA_III,15,135.14869165420532,12,146.0,1674.39,105.4,491.47,1092.49,6013.73,0.9473387681662839
data100,RC,h100rc103,NSGA_III,16,140.8989200592041,13,146.0,1674.39,105.4,491.47,1092.49,6013.73,0.9474760978033234
data100,RC,h100rc103,NSGA_III,17,146.74387669563293,14,146.0,1623.76,105.4,491.47,1092.49,6013.73,0.9523207291926497
data100,RC,h100rc103,NSGA_III,18,155.91887187957764,11,146.0,1609.02,105.4,491.47,1092.49,6013.73,0.9625745829028782
data100,RC,h100rc103,NSGA_III,19,165.570814371109,11,146.0,1609.02,105.4,491.47,1092.49,6013.73,0.9625745829028782
data100,RC,h100rc103,NSGA_III,20,172.49251246452332,13,146.0,1609.02,105.4,491.47,1092.49,6013.73,0.9626985326657305
data100,RC,h100rc103,NSGA_III,21,180.35815119743347,13,146.0,1609.02,105.4,491.47,1092.49,6013.73,0.9626985326657305
data100,RC,h100rc103,ALNSMO,0,0.06899404525756836,6,174.37,5046.73,105.4,491.47,1092.49,6013.73,0.26367293320634844
data100,RC,h100rc103,ALNSMO,1,0.2204742431640625,6,171.92,4973.33,105.4,491.47,1092.49,6013.73,0.279202564743107
data100,RC,h100rc103,ALNSMO,2,0.4464695453643799,9,169.86,4973.33,105.4,491.47,1092.49,6013.73,0.28220301315631174
data100,RC,h100rc103,ALNSMO,3,0.6712830066680908,11,169.0,4899.77,105.4,491.47,1092.49,6013.73,0.29291866188960564
data100,RC,h100rc103,ALNSMO,4,1.0100421905517578,6,167.26,4882.99,105.4,491.47,1092.49,6013.73,0.30121686518715945
data100,RC,h100rc103,ALNSMO,5,1.2475762367248535,9,167.26,4857.76,105.4,491.47,1092.49,6013.73,0.30806373672057286
data100,RC,h100rc103,ALNSMO,6,1.5193939208984375,14,166.38,4784.35,105.4,491.47,1092.49,6013.73,0.32063236330374567
data100,RC,h100rc103,ALNSMO,7,1.7846882343292236,19,165.57,4742.36,105.4,491.47,1092.49,6013.73,0.32739873919609347
data100,RC,h100rc103,ALNSMO,8,1.9163329601287842,17,163.57,4712.95,105.4,491.47,1092.49,6013.73,0.3350164373607595
data100,RC,h100rc103,ALNSMO,9,2.1346986293792725,12,163.57,4712.95,105.4,491.47,1092.49,6013.73,0.33899861756039606
data100,RC,h100rc103,ALNSMO,10,2.3524703979492188,11,163.12,4641.55,105.4,491.47,1092.49,6013.73,0.3520599355282692
data100,RC,h100rc103,ALNSMO,11,2.564476251602173,11,159.61,4557.56,105.4,491.47,1092.49,6013.73,0.3713099200957515
data100,RC,h100rc103,ALNSMO,12,2.7753617763519287,10,158.11,4553.16,105.4,491.47,1092.49,6013.73,0.3760186418326224
data100,RC,h100rc103,ALNSMO,13,3.0324625968933105,10,158.11,4511.15,105.4,491.47,1092.49,6013.73,0.3848321391598831
data100,RC,h100rc103,ALNSMO,14,3.3300788402557373,10,157.7,4511.15,105.4,491.47,1092.49,6013.73,0.3858089797367488
data100,RC,h100rc103,ALNSMO,15,3.728555202484131,16,156.84,4443.93,105.4,491.47,1092.49,6013.73,0.39797949560842955
data100,RC,h100rc103,ALNSMO,16,4.012787818908691,18,156.84,4427.2,105.4,491.47,1092.49,6013.73,0.40138692018797706
data100,RC,h100rc103,ALNSMO,17,4.241081714630127,33,155.34,4395.62,105.4,491.47,1092.49,6013.73,0.4086919681466356
data100,RC,h100rc103,ALNSMO,18,4.533738851547241,15,153.53,4278.01,105.4,491.47,1092.49,6013.73,0.43138767624534957
data100,RC,h100rc103,ALNSMO,19,4.780960321426392,14,153.53,4215.09,105.4,491.47,1092.49,6013.73,0.44377660363374355
data100,RC,h100rc103,ALNSMO,20,5.054144382476807,10,151.94,4215.09,105.4,491.47,1092.49,6013.73,0.44769068482653485
data100,RC,h100rc103,ALNSMO,21,5.280903577804565,10,149.48,4181.46,105.4,491.47,1092.49,6013.73,0.45624418962399976
data100,RC,h100rc103,ALNSMO,22,5.51956033706665,16,149.48,4181.46,105.4,491.47,1092.49,6013.73,0.4567128651266698
data100,RC,h100rc103,ALNSMO,23,5.7466325759887695,21,149.48,4091.31,105.4,491.47,1092.49,6013.73,0.47289270136302564
data100,RC,h100rc103,ALNSMO,24,5.929754257202148,29,149.48,4091.3,105.4,491.47,1092.49,6013.73,0.4743071848978661
data100,RC,h100rc103,ALNSMO,25,6.063093662261963,18,149.11,4061.73,105.4,491.47,1092.49,6013.73,0.4810119286295655
data100,RC,h100rc103,ALNSMO,26,6.264310598373413,28,149.11,4040.72,105.4,491.47,1092.49,6013.73,0.4851999630805769
data100,RC,h100rc103,ALNSMO,27,6.471668243408203,26,149.11,4030.22,105.4,491.47,1092.49,6013.73,0.48797973113020915
data100,RC,h100rc103,ALNSMO,28,6.6474974155426025,33,147.18,4030.22,105.4,491.47,1092.49,6013.73,0.4903618703406667
data100,RC,h100rc103,ALNSMO,29,6.8505942821502686,37,147.18,3977.71,105.4,491.47,1092.49,6013.73,0.5001925583789257
data100,RC,h100rc103,ALNSMO,30,7.070823431015015,19,146.82,3958.8,105.4,491.47,1092.49,6013.73,0.5045409032285492
data100,RC,h100rc103,ALNSMO,31,7.274566888809204,31,146.36,3870.58,105.4,491.47,1092.49,6013.73,0.5207451327371792
data100,RC,h100rc103,ALNSMO,32,7.456801414489746,34,146.36,3870.58,105.4,491.47,1092.49,6013.73,0.5214565201365867
data100,RC,h100rc103,ALNSMO,33,7.6857452392578125,19,146.36,3855.88,105.4,491.47,1092.49,6013.73,0.5251698543414263
data100,RC,h100rc103,ALNSMO,34,7.883039712905884,28,146.36,3849.6,105.4,491.47,1092.49,6013.73,0.5285231738540582
data100,RC,h100rc103,ALNSMO,35,8.271246910095215,43,146.36,3849.6,105.4,491.47,1092.49,6013.73,0.5287756208843052
data100,RC,h100rc103,ALNSMO,36,8.586241722106934,10,145.09,3809.69,105.4,491.47,1092.49,6013.73,0.5396618392969708
data100,RC,h100rc103,ALNSMO,37,8.738035202026367,11,141.91,3809.69,105.4,491.47,1092.49,6013.73,0.5453599029743855
data100,RC,h100rc103,ALNSMO,38,8.865970849990845,23,141.91,3809.69,105.4,491.47,1092.49,6013.73,0.5456684452100605
data100,RC,h100rc103,ALNSMO,39,8.997561693191528,20,141.81,3807.63,105.4,491.47,1092.49,6013.73,0.5463196060803769
data100,RC,h100rc103,ALNSMO,40,9.135677576065063,30,140.8,3807.63,105.4,491.47,1092.49,6013.73,0.5477075873850781
data100,RC,h100rc103,ALNSMO,41,9.259486436843872,18,140.8,3807.62,105.4,491.47,1092.49,6013.73,0.5481467972004809
data100,RC,h100rc103,ALNSMO,42,9.438889980316162,31,140.8,3776.12,105.4,491.47,1092.49,6013.73,0.5540485299112327
data100,RC,h100rc103,ALNSMO,43,9.586952924728394,32,139.52,3776.12,105.4,491.47,1092.49,6013.73,0.5557086771416946
data100,RC,h100rc103,ALNSMO,44,9.758652448654175,28,139.52,3776.12,105.4,491.47,1092.49,6013.73,0.5565376902199168
data100,RC,h100rc103,ALNSMO,45,10.036711692810059,22,139.52,3757.13,105.4,491.47,1092.49,6013.73,0.5607106293032841
data100,RC,h100rc103,ALNSMO,46,10.13778042793274,15,139.04,3725.6,105.4,491.47,1092.49,6013.73,0.5680825630377359
data100,RC,h100rc103,ALNSMO,47,10.265462875366211,28,139.04,3683.59,105.4,491.47,1092.49,6013.73,0.5762957820282879
data100,RC,h100rc103,ALNSMO,48,10.407846689224243,27,135.25,3652.08,105.4,491.47,1092.49,6013.73,0.5869246616221707
data100,RC,h100rc103,ALNSMO,49,10.542906522750854,17,135.25,3652.08,105.4,491.47,1092.49,6013.73,0.5875131171839323
data100,RC,h100rc103,ALNSMO,50,10.660492897033691,19,134.77,3618.48,105.4,491.47,1092.49,6013.73,0.5948684946806977
data100,RC,h100rc103,ALNSMO,51,10.808471918106079,16,134.77,3603.77,105.4,491.47,1092.49,6013.73,0.597580365103198
data100,RC,h100rc103,ALNSMO,52,10.94302487373352,20,134.77,3547.01,105.4,491.47,1092.49,6013.73,0.6084810145636305
data100,RC,h100rc103,ALNSMO,53,11.082516431808472,34,134.77,3547.01,105.4,491.47,1092.49,6013.73,0.608935082839585
data100,RC,h100rc103,ALNSMO,54,11.238035202026367,24,133.78,3475.59,105.4,491.47,1092.49,6013.73,0.6244040917196024
data100,RC,h100rc103,ALNSMO,55,11.40552568435669,17,133.78,3473.59,105.4,491.47,1092.49,6013.73,0.625186762358014
data100,RC,h100rc103,ALNSMO,56,11.559504747390747,21,133.78,3473.59,105.4,491.47,1092.49,6013.73,0.6255871278685746
data100,RC,h100rc103,ALNSMO,57,11.710340738296509,33,133.78,3465.21,105.4,491.47,1092.49,6013.73,0.6273709285582868
data100,RC,h100rc103,ALNSMO,58,11.858214855194092,27,133.22,3452.58,105.4,491.47,1092.49,6013.73,0.6309433304656153
data100,RC,h100rc103,ALNSMO,59,12.017132997512817,30,133.22,3452.58,105.4,491.47,1092.49,6013.73,0.6313008940633966
data100,RC,h100rc103,ALNSMO,60,12.173190593719482,23,133.22,3402.16,105.4,491.47,1092.49,6013.73,0.640899048809596
data100,RC,h100rc103,ALNSMO,61,12.322866678237915,25,133.22,3402.16,105.4,491.47,1092.49,6013.73,0.6413793991354158
data100,RC,h100rc103,ALNSMO,62,12.475210428237915,31,133.12,3360.23,105.4,491.47,1092.49,6013.73,0.6495092219138576
data100,RC,h100rc103,ALNSMO,63,12.67651629447937,40,133.12,3360.23,105.4,491.47,1092.49,6013.73,0.6501038665029827
data100,RC,h100rc103,ALNSMO,64,12.927382707595825,38,133.12,3360.23,105.4,491.47,1092.49,6013.73,0.6508337444032395
data100,RC,h100rc103,ALNSMO,65,13.052050113677979,22,133.12,3360.23,105.4,491.47,1092.49,6013.73,0.651382873524675
data100,RC,h100rc103,ALNSMO,66,13.195968389511108,19,133.12,3353.87,105.4,491.47,1092.49,6013.73,0.6529478630646552
data100,RC,h100rc103,ALNSMO,67,13.27915644645691,21,133.12,3353.87,105.4,491.47,1092.49,6013.73,0.653946337004867
data100,RC,h100rc103,ALNSMO,68,13.412593126296997,25,133.12,3337.1,105.4,491.47,1092.49,6013.73,0.6571524924439833
data100,RC,h100rc103,ALNSMO,69,13.567452669143677,22,129.43,3337.1,105.4,491.47,1092.49,6013.73,0.6629117326052417
data100,RC,h100rc103,ALNSMO,70,13.680594682693481,23,129.43,3295.17,105.4,491.47,1092.49,6013.73,0.6718972407339784
data100,RC,h100rc103,ALNSMO,71,13.829169034957886,32,126.53,3295.17,105.4,491.47,1092.49,6013.73,0.6761103969001121
data100,RC,h100rc103,ALNSMO,72,13.983081102371216,38,126.53,3295.17,105.4,491.47,1092.49,6013.73,0.6765695529073061
data100,RC,h100rc103,ALNSMO,73,14.095784902572632,48,126.53,3295.17,105.4,491.47,1092.49,6013.73,0.6769235362400234
data100,RC,h100rc103,ALNSMO,74,14.18441367149353,25,126.53,3274.53,105.4,491.47,1092.49,6013.73,0.6820545608178037
data100,RC,h100rc103,ALNSMO,75,14.295852899551392,29,126.16,3274.53,105.4,491.47,1092.49,6013.73,0.68296670026848
data100,RC,h100rc103,ALNSMO,76,14.476426124572754,26,126.16,3274.53,105.4,491.47,1092.49,6013.73,0.6833579815597519
data100,RC,h100rc103,ALNSMO,77,14.570381164550781,34,126.16,3217.45,105.4,491.47,1092.49,6013.73,0.6942910539591299
data100,RC,h100rc103,ALNSMO,78,14.712475538253784,48,126.16,3213.26,105.4,491.47,1092.49,6013.73,0.6958128412638197
data100,RC,h100rc103,ALNSMO,79,14.8784339427948,55,126.16,3213.26,105.4,491.47,1092.49,6013.73,0.6958808703527836
data100,RC,h100rc103,ALNSMO,80,15.007550477981567,60,126.16,3206.95,105.4,491.47,1092.49,6013.73,0.6975536094075314
data100,RC,h100rc103,ALNSMO,81,15.180390119552612,30,126.16,3206.95,105.4,491.47,1092.49,6013.73,0.6979890942324858
data100,RC,h100rc103,ALNSMO,82,15.34706997871399,31,126.16,3206.95,105.4,491.47,1092.49,6013.73,0.6980362223800269
data100,RC,h100rc103,ALNSMO,83,15.48035192489624,40,125.6,3206.95,105.4,491.47,1092.49,6013.73,0.699228812257078
data100,RC,h100rc103,ALNSMO,84,15.671123027801514,51,125.6,3143.93,105.4,491.47,1092.49,6013.73,0.7112941698020773
data100,RC,h100rc103,ALNSMO,85,15.813767910003662,37,125.6,3143.93,105.4,491.47,1092.49,6013.73,0.7117554274511276
data100,RC,h100rc103,ALNSMO,86,15.98165225982666,23,124.74,3133.56,105.4,491.47,1092.49,6013.73,0.715514369247465
data100,RC,h100rc103,ALNSMO,87,16.10578441619873,27,124.74,3089.45,105.4,491.47,1092.49,6013.73,0.7241888079911976
data100,RC,h100rc103,ALNSMO,88,16.323716163635254,27,124.74,3089.45,105.4,491.47,1092.49,6013.73,0.7244606186010597
data100,RC,h100rc103,ALNSMO,89,16.746082305908203,59,124.59,3089.45,105.4,491.47,1092.49,6013.73,0.7247748630074193
data100,RC,h100rc103,ALNSMO,90,16.917834997177124,47,123.24,3089.37,105.4,491.47,1092.49,6013.73,0.7277361024680246
data100,RC,h100rc103,ALNSMO,91,17.059457778930664,58,123.24,3062.14,105.4,491.47,1092.49,6013.73,0.7331156580272564
data100,RC,h100rc103,ALNSMO,92,17.18925428390503,71,123.09,3028.61,105.4,491.47,1092.49,6013.73,0.7399210000017702
data100,RC,h100rc103,ALNSMO,93,17.351460218429565,42,123.09,3022.29,105.4,491.47,1092.49,6013.73,0.7420168871279825
data100,RC,h100rc103,ALNSMO,94,17.479462385177612,49,122.99,3022.29,105.4,491.47,1092.49,6013.73,0.7429441104091143
data100,RC,h100rc103,ALNSMO,95,17.603880167007446,38,122.99,3009.72,105.4,491.47,1092.49,6013.73,0.7454492723915245
data100,RC,h100rc103,ALNSMO,96,17.76787495613098,48,122.99,3009.72,105.4,491.47,1092.49,6013.73,0.7458135908230786
data100,RC,h100rc103,ALNSMO,97,18.00287628173828,19,122.99,2997.1,105.4,491.47,1092.49,6013.73,0.7484670536393531
data100,RC,h100rc103,ALNSMO,98,18.10911512374878,31,122.7,2969.86,105.4,491.47,1092.49,6013.73,0.7543946616193703
data100,RC,h100rc103,ALNSMO,99,18.238887310028076,35,122.7,2952.99,105.4,491.47,1092.49,6013.73,0.7578566100836267
data100,RC,h100rc103,ALNSMO,100,18.378887176513672,22,122.7,2952.99,105.4,491.47,1092.49,6013.73,0.7581841519406539
data100,RC,h100rc103,ALNSMO,101,18.516035556793213,46,122.65,2940.58,105.4,491.47,1092.49,6013.73,0.7607506656963648
data100,RC,h100rc103,ALNSMO,102,18.63035488128662,85,122.65,2940.58,105.4,491.47,1092.49,6013.73,0.7610703667923768
data100,RC,h100rc103,ALNSMO,103,18.743357181549072,87,121.83,2940.58,105.4,491.47,1092.49,6013.73,0.762577854537453
data100,RC,h100rc103,ALNSMO,104,18.895395517349243,61,121.83,2940.58,105.4,491.47,1092.49,6013.73,0.7626353389949924
data100,RC,h100rc103,ALNSMO,105,19.0287184715271,61,121.83,2940.58,105.4,491.47,1092.49,6013.73,0.7627720790354358
data100,RC,h100rc103,ALNSMO,106,19.155826091766357,92,121.83,2940.58,105.4,491.47,1092.49,6013.73,0.7628755766071396
data100,RC,h100rc103,ALNSMO,107,19.290783643722534,37,121.83,2909.19,105.4,491.47,1092.49,6013.73,0.7693968255620325
data100,RC,h100rc103,ALNSMO,108,19.411629915237427,41,121.83,2909.19,105.4,491.47,1092.49,6013.73,0.7697078864520465
data100,RC,h100rc103,ALNSMO,109,19.53469467163086,37,121.83,2909.19,105.4,491.47,1092.49,6013.73,0.7698567469079254
data100,RC,h100rc103,ALNSMO,110,19.65599298477173,66,121.83,2850.43,105.4,491.47,1092.49,6013.73,0.7817346114090648
data100,RC,h100rc103,ALNSMO,111,19.78899049758911,44,121.1,2850.43,105.4,491.47,1092.49,6013.73,0.7829336617847626
data100,RC,h100rc103,ALNSMO,112,19.933307886123657,55,121.1,2850.43,105.4,491.47,1092.49,6013.73,0.783642626216906
data100,RC,h100rc103,ALNSMO,113,20.07278847694397,100,121.05,2850.43,105.4,491.47,1092.49,6013.73,0.783739237793016
data100,RC,h100rc103,ALNSMO,114,20.29997158050537,81,121.05,2850.43,105.4,491.47,1092.49,6013.73,0.7844929481434979
data100,RC,h100rc103,ALNSMO,115,20.44971776008606,70,121.05,2841.84,105.4,491.47,1092.49,6013.73,0.7863061122226784
data100,RC,h100rc103,ALNSMO,116,20.615099906921387,76,121.05,2841.84,105.4,491.47,1092.49,6013.73,0.7864249148840925
data100,RC,h100rc103,ALNSMO,117,20.757933378219604,70,121.05,2841.84,105.4,491.47,1092.49,6013.73,0.7865426545663201
data100,RC,h100rc103,ALNSMO,118,20.919753789901733,46,120.33,2841.83,105.4,491.47,1092.49,6013.73,0.7876751090696391
data100,RC,h100rc103,ALNSMO,119,21.107957124710083,50,120.33,2841.83,105.4,491.47,1092.49,6013.73,0.7878040781932631
data100,RC,h100rc103,ALNSMO,120,21.5802264213562,35,120.33,2827.14,105.4,491.47,1092.49,6013.73,0.7909615689862133
data100,RC,h100rc103,ALNSMO,121,21.96561026573181,60,120.33,2827.14,105.4,491.47,1092.49,6013.73,0.7911074092990578
data100,RC,h100rc103,ALNSMO,122,22.314608573913574,100,120.33,2827.14,105.4,491.47,1092.49,6013.73,0.7911107220297976
data100,RC,h100rc103,ALNSMO,123,22.617891550064087,44,119.78,2818.74,105.4,491.47,1092.49,6013.73,0.7937273936184723
data100,RC,h100rc103,ALNSMO,124,22.96514654159546,100,119.78,2818.74,105.4,491.47,1092.49,6013.73,0.7937273936184723
data100,RC,h100rc103,ALNSMO,125,23.267913579940796,100,119.78,2764.14,105.4,491.47,1092.49,6013.73,0.8048770670487922
data100,RC,h100rc103,ALNSMO,126,23.638912439346313,100,119.78,2764.14,105.4,491.47,1092.49,6013.73,0.8049143849026793
data100,RC,h100rc103,ALNSMO,127,23.977092504501343,100,119.07,2764.14,105.4,491.47,1092.49,6013.73,0.8060411931790938
data100,RC,h100rc103,ALNSMO,128,24.326518774032593,100,119.07,2764.14,105.4,491.47,1092.49,6013.73,0.8060605292842022
data100,RC,h100rc103,ALNSMO,129,24.63011860847473,100,119.07,2764.13,105.4,491.47,1092.49,6013.73,0.8060858250782298
data100,RC,h100rc103,ALNSMO,130,24.91373109817505,100,119.07,2764.13,105.4,491.47,1092.49,6013.73,0.8061170430653176
data100,RC,h100rc103,ALNSMO,131,25.24580693244934,60,119.07,2764.13,105.4,491.47,1092.49,6013.73,0.806214534088805
data100,RC,h100rc103,ALNSMO,132,25.54186463356018,96,119.07,2764.12,105.4,491.47,1092.49,6013.73,0.8063215627504166
data100,RC,h100rc103,ALNSMO,133,25.746840238571167,100,119.07,2764.12,105.4,491.47,1092.49,6013.73,0.806336517198052
data100,RC,h100rc103,ALNSMO,134,26.054325342178345,100,119.07,2749.45,105.4,491.47,1092.49,6013.73,0.8093423121660408
data100,RC,h100rc103,ALNSMO,135,26.37755060195923,78,119.07,2749.45,105.4,491.47,1092.49,6013.73,0.8094232805370566
data100,RC,h100rc103,ALNSMO,136,26.863640546798706,95,119.07,2717.92,105.4,491.47,1092.49,6013.73,0.8159248534187699
data100,RC,h100rc103,ALNSMO,137,27.150593996047974,100,119.07,2717.92,105.4,491.47,1092.49,6013.73,0.8160264379858428
data100,RC,h100rc103,ALNSMO,138,27.591597318649292,91,119.07,2717.92,105.4,491.47,1092.49,6013.73,0.8161047034864791
data100,RC,h100rc103,ALNSMO,139,28.286593675613403,100,119.07,2717.92,105.4,491.47,1092.49,6013.73,0.8161348822845658
data100,RC,h100rc103,ALNSMO,140,28.75259566307068,100,119.07,2717.92,105.4,491.47,1092.49,6013.73,0.8161859222860434
data100,RC,h100rc103,ALNSMO,141,29.052594661712646,100,119.07,2717.92,105.4,491.47,1092.49,6013.73,0.8162217052518812
data100,RC,h100rc103,ALNSMO,142,29.473594188690186,100,119.07,2717.92,105.4,491.47,1092.49,6013.73,0.8162997260609826
data100,RC,h100rc103,ALNSMO,143,29.789610624313354,100,119.07,2717.92,105.4,491.47,1092.49,6013.73,0.8164130466635638
data100,RC,h100rc103,ALNSMO,144,30.171021938323975,100,119.07,2690.61,105.4,491.47,1092.49,6013.73,0.8219333049397501
data100,RC,h100rc103,ALNSMO,145,30.501397371292114,100,119.05,2690.56,105.4,491.47,1092.49,6013.73,0.8220072492215647
data100,RC,h100rc103,ALNSMO,146,30.857396602630615,100,119.05,2690.56,105.4,491.47,1092.49,6013.73,0.8220277915733065
data100,RC,h100rc103,ALNSMO,147,31.181612014770508,100,119.05,2690.56,105.4,491.47,1092.49,6013.73,0.8220630743136442
data100,RC,h100rc103,ALNSMO,148,31.48650312423706,93,118.83,2690.56,105.4,491.47,1092.49,6013.73,0.8224659814160727
data100,RC,h100rc103,ALNSMO,149,32.03422784805298,100,118.83,2690.56,105.4,491.47,1092.49,6013.73,0.8224753962242044
data100,RC,h100rc103,ALNSMO,150,32.77811884880066,100,118.83,2686.41,105.4,491.47,1092.49,6013.73,0.8234816722663826
data100,RC,h100rc103,ALNSMO,151,33.270028829574585,100,118.83,2677.97,105.4,491.47,1092.49,6013.73,0.8253176965824759
data100,RC,h100rc103,ALNSMO,152,33.673635721206665,100,118.83,2677.97,105.4,491.47,1092.49,6013.73,0.825325245176851
data100,RC,h100rc103,ALNSMO,153,34.07463550567627,84,118.69,2677.97,105.4,491.47,1092.49,6013.73,0.8258196665870222
data100,RC,h100rc103,ALNSMO,154,34.514639139175415,100,118.69,2675.86,105.4,491.47,1092.49,6013.73,0.8263675719718285
data100,RC,h100rc103,ALNSMO,155,34.9346444606781,100,118.64,2671.73,105.4,491.47,1092.49,6013.73,0.8273513691621937
data100,RC,h100rc103,ALNSMO,156,35.53963875770569,62,118.64,2671.73,105.4,491.47,1092.49,6013.73,0.8273972943263572
data100,RC,h100rc103,ALNSMO,157,36.0506374835968,67,118.64,2640.24,105.4,491.47,1092.49,6013.73,0.8339162040533347
data100,RC,h100rc103,ALNSMO,158,36.611637353897095,61,118.64,2640.24,105.4,491.47,1092.49,6013.73,0.8341815792600378
data100,RC,h100rc103,ALNSMO,159,37.80963492393494,46,118.64,2640.24,105.4,491.47,1092.49,6013.73,0.8342988042426479
data100,RC,h100rc103,ALNSMO,160,38.32063293457031,77,118.64,2640.24,105.4,491.47,1092.49,6013.73,0.8344941435634748
data100,RC,h100rc103,ALNSMO,161,38.879637002944946,82,118.64,2631.84,105.4,491.47,1092.49,6013.73,0.8362165802268878
data100,RC,h100rc103,ALNSMO,162,39.28963565826416,100,118.64,2631.84,105.4,491.47,1092.49,6013.73,0.8362969899496026
data100,RC,h100rc103,ALNSMO,163,39.68963551521301,64,118.64,2627.64,105.4,491.47,1092.49,6013.73,0.8373392240944392
data100,RC,h100rc103,ALNSMO,164,40.10863494873047,100,118.64,2627.64,105.4,491.47,1092.49,6013.73,0.8373476266091118
data100,RC,h100rc103,ALNSMO,165,40.506635665893555,100,118.64,2627.64,105.4,491.47,1092.49,6013.73,0.837476872056797
data100,RC,h100rc103,ALNSMO,166,40.982635736465454,100,118.64,2627.64,105.4,491.47,1092.49,6013.73,0.8375271651411803
data100,RC,h100rc103,ALNSMO,167,41.48265480995178,81,118.64,2604.51,105.4,491.47,1092.49,6013.73,0.8423408830788344
data100,RC,h100rc103,ALNSMO,168,42.034642696380615,82,118.64,2589.84,105.4,491.47,1092.49,6013.73,0.8456191855196497
data100,RC,h100rc103,ALNSMO,169,42.78763747215271,100,118.64,2589.84,105.4,491.47,1092.49,6013.73,0.8456208968866661
data100,RC,h100rc103,ALNSMO,170,43.55363702774048,90,118.64,2589.84,105.4,491.47,1092.49,6013.73,0.8456763926004653
data100,RC,h100rc103,ALNSMO,171,45.392637729644775,100,118.64,2589.84,105.4,491.47,1092.49,6013.73,0.8456973099107992
data100,RC,h100rc103,ALNSMO,172,46.306639194488525,100,118.64,2587.72,105.4,491.47,1092.49,6013.73,0.846217337813773
data100,RC,h100rc103,ALNSMO,173,46.80578351020813,100,118.64,2587.72,105.4,491.47,1092.49,6013.73,0.8462298173978539
data100,RC,h100rc103,ALNSMO,174,47.25678300857544,58,118.64,2581.35,105.4,491.47,1092.49,6013.73,0.8477354838831541
data100,RC,h100rc103,ALNSMO,175,47.69178867340088,68,118.64,2581.35,105.4,491.47,1092.49,6013.73,0.8479122011202453
data100,RC,h100rc103,ALNSMO,176,48.26878261566162,100,118.45,2581.35,105.4,491.47,1092.49,6013.73,0.8482189892297296
data100,RC,h100rc103,ALNSMO,177,48.86880660057068,72,118.45,2581.35,105.4,491.47,1092.49,6013.73,0.8482302176184635
data100,RC,h100rc103,ALNSMO,178,50.39878463745117,100,117.99,2581.35,105.4,491.47,1092.49,6013.73,0.8489778847564737
data100,RC,h100rc103,ALNSMO,179,50.99178123474121,76,117.99,2575.03,105.4,491.47,1092.49,6013.73,0.8503276491803798
data100,RC,h100rc103,ALNSMO,180,51.688780784606934,100,117.99,2524.63,105.4,491.47,1092.49,6013.73,0.8608417375855653
data100,RC,h100rc103,ALNSMO,181,52.1227822303772,100,117.99,2524.63,105.4,491.47,1092.49,6013.73,0.8609103184278871
data100,RC,h100rc103,ALNSMO,182,52.53677845001221,100,117.99,2524.63,105.4,491.47,1092.49,6013.73,0.8609103263228602
data100,RC,h100rc103,ALNSMO,183,52.87754249572754,100,117.99,2524.63,105.4,491.47,1092.49,6013.73,0.8609520637827249
data100,RC,h100rc103,ALNSMO,184,53.14422798156738,100,117.99,2524.63,105.4,491.47,1092.49,6013.73,0.8611488002506362
data100,RC,h100rc103,ALNSMO,185,53.37754511833191,100,117.99,2524.63,105.4,491.47,1092.49,6013.73,0.8611747088156376
data100,RC,h100rc103,ALNSMO,186,53.79212045669556,100,117.99,2524.63,105.4,491.47,1092.49,6013.73,0.8613213765743031
data100,RC,h100rc103,ALNSMO,187,54.48393893241882,54,117.99,2484.83,105.4,491.47,1092.49,6013.73,0.8696406516499847
data100,RC,h100rc103,ALNSMO,188,54.9237174987793,100,117.95,2484.83,105.4,491.47,1092.49,6013.73,0.8697270265302031
data100,RC,h100rc103,ALNSMO,189,55.6987042427063,93,117.95,2484.83,105.4,491.47,1092.49,6013.73,0.8697916669914186
data100,RC,h100rc103,ALNSMO,190,56.15377736091614,100,117.95,2484.83,105.4,491.47,1092.49,6013.73,0.8698189962305245
data100,RC,h100rc103,ALNSMO,191,56.525015115737915,100,117.95,2484.83,105.4,491.47,1092.49,6013.73,0.8698430316341931
data100,RC,h100rc103,ALNSMO,192,56.84733963012695,100,117.95,2482.71,105.4,491.47,1092.49,6013.73,0.8702840398560608
data100,RC,h100rc103,ALNSMO,193,57.17301106452942,100,117.95,2482.71,105.4,491.47,1092.49,6013.73,0.8702866017748527
data100,RC,h100rc103,ALNSMO,194,57.62070965766907,100,117.95,2482.67,105.4,491.47,1092.49,6013.73,0.870295232075291
data100,RC,h100rc103,ALNSMO,195,57.9415180683136,64,117.81,2482.67,105.4,491.47,1092.49,6013.73,0.8705627207978901
data100,RC,h100rc103,ALNSMO,196,58.481520652770996,79,117.81,2463.72,105.4,491.47,1092.49,6013.73,0.8745662688739906
data100,RC,h100rc103,ALNSMO,197,58.99251890182495,60,117.81,2463.72,105.4,491.47,1092.49,6013.73,0.8747214365712972
data100,RC,h100rc103,ALNSMO,198,59.34652042388916,72,117.81,2463.72,105.4,491.47,1092.49,6013.73,0.8748315373406562
data100,RC,h100rc103,ALNSMO,199,59.668697118759155,100,117.81,2463.7,105.4,491.47,1092.49,6013.73,0.8748649113080688
data100,RC,h100rc103,ALNSMO,200,60.175695180892944,100,117.81,2463.7,105.4,491.47,1092.49,6013.73,0.8749243454029146
data100,RC,h100rc103,ALNSMO,201,60.548699378967285,41,117.81,2463.69,105.4,491.47,1092.49,6013.73,0.8751906338316904
data100,RC,h100rc103,ALNSMO,202,60.848695516586304,100,117.81,2463.69,105.4,491.47,1092.49,6013.73,0.8751926893669035
data100,RC,h100rc103,ALNSMO,203,61.154693841934204,100,117.81,2463.69,105.4,491.47,1092.49,6013.73,0.8752202347177415
data100,RC,h100rc103,ALNSMO,204,61.44369673728943,100,117.75,2451.13,105.4,491.47,1092.49,6013.73,0.8779709358762555
data100,RC,h100rc103,ALNSMO,205,61.739696741104126,66,117.75,2451.13,105.4,491.47,1092.49,6013.73,0.8780134846235623
data100,RC,h100rc103,ALNSMO,206,62.102694272994995,79,117.75,2451.13,105.4,491.47,1092.49,6013.73,0.8780615115874817
data100,RC,h100rc103,ALNSMO,207,62.47369623184204,86,117.75,2451.13,105.4,491.47,1092.49,6013.73,0.8780801502506608
data100,RC,h100rc103,ALNSMO,208,62.96469497680664,100,117.75,2451.13,105.4,491.47,1092.49,6013.73,0.8781743651760837
data100,RC,h100rc103,ALNSMO,209,63.541693687438965,100,117.75,2451.13,105.4,491.47,1092.49,6013.73,0.8782167922355377
data100,RC,h100rc103,ALNSMO,210,63.88469362258911,100,117.75,2451.12,105.4,491.47,1092.49,6013.73,0.878335257502642
data100,RC,h100rc103,ALNSMO,211,64.1606957912445,100,117.75,2451.12,105.4,491.47,1092.49,6013.73,0.8783394144691787
data100,RC,h100rc103,ALNSMO,212,64.71169781684875,70,117.75,2432.22,105.4,491.47,1092.49,6013.73,0.8823065794298977
data100,RC,h100rc103,ALNSMO,213,64.97969603538513,100,117.75,2432.21,105.4,491.47,1092.49,6013.73,0.8823834277670609
data100,RC,h100rc103,ALNSMO,214,65.25269603729248,100,117.75,2432.21,105.4,491.47,1092.49,6013.73,0.8824051514699539
data100,RC,h100rc103,ALNSMO,215,65.51569414138794,80,117.75,2432.21,105.4,491.47,1092.49,6013.73,0.8825063105506065
data100,RC,h100rc103,ALNSMO,216,65.7846953868866,100,117.75,2392.32,105.4,491.47,1092.49,6013.73,0.8907331848762218
data100,RC,h100rc103,ALNSMO,217,66.0736951828003,100,117.75,2392.32,105.4,491.47,1092.49,6013.73,0.8907569867465841
data100,RC,h100rc103,ALNSMO,218,66.35869526863098,52,117.75,2392.32,105.4,491.47,1092.49,6013.73,0.8908875136010469
data100,RC,h100rc103,ALNSMO,219,66.63069891929626,100,117.75,2392.32,105.4,491.47,1092.49,6013.73,0.8909364969093823
data100,RC,h100rc103,ALNSMO,220,66.91069746017456,100,117.75,2392.32,105.4,491.47,1092.49,6013.73,0.8909732005869904
data100,RC,h100rc103,ALNSMO,221,67.22269535064697,100,117.75,2392.32,105.4,491.47,1092.49,6013.73,0.8910486065809796
data100,RC,h100rc103,ALNSMO,222,67.56369686126709,100,117.38,2392.32,105.4,491.47,1092.49,6013.73,0.8918647100517227
data100,RC,h100rc103,ALNSMO,223,67.94869494438171,28,117.38,2392.32,105.4,491.47,1092.49,6013.73,0.8920344694489645
data100,RC,h100rc103,ALNSMO,224,68.3536970615387,51,117.38,2365.01,105.4,491.47,1092.49,6013.73,0.8977694361520738
data100,RC,h100rc103,ALNSMO,225,68.63769435882568,84,117.38,2365.01,105.4,491.47,1092.49,6013.73,0.8977696067361274
data100,RC,h100rc103,ALNSMO,226,68.9016945362091,84,117.38,2365.01,105.4,491.47,1092.49,6013.73,0.8978563740175657
data100,RC,h100rc103,ALNSMO,227,69.1976957321167,100,117.38,2365.01,105.4,491.47,1092.49,6013.73,0.8979231967019969
data100,RC,h100rc103,ALNSMO,228,69.46969819068909,100,117.38,2365.01,105.4,491.47,1092.49,6013.73,0.8980139731034411
data100,RC,h100rc103,ALNSMO,229,69.7376937866211,100,117.38,2365.01,105.4,491.47,1092.49,6013.73,0.8980143489041637
data100,RC,h100rc103,ALNSMO,230,70.0516951084137,100,117.38,2339.77,105.4,491.47,1092.49,6013.73,0.9033024711843931
data100,RC,h100rc103,ALNSMO,231,70.32769751548767,100,117.38,2339.77,105.4,491.47,1092.49,6013.73,0.9033414851943148
data100,RC,h100rc103,ALNSMO,232,70.59869527816772,100,117.38,2339.77,105.4,491.47,1092.49,6013.73,0.9033628993616266
data100,RC,h100rc103,ALNSMO,233,70.86969661712646,100,117.38,2339.77,105.4,491.47,1092.49,6013.73,0.9034488471974835
data100,RC,h100rc103,ALNSMO,234,71.25769257545471,60,117.38,2339.77,105.4,491.47,1092.49,6013.73,0.9035515941151391
data100,RC,h100rc103,ALNSMO,235,71.51169562339783,100,117.38,2339.77,105.4,491.47,1092.49,6013.73,0.9035515985363238
data100,RC,h100rc103,ALNSMO,236,71.80069494247437,100,117.38,2339.74,105.4,491.47,1092.49,6013.73,0.903557862781728
data100,RC,h100rc103,ALNSMO,237,72.03969430923462,100,117.38,2339.72,105.4,491.47,1092.49,6013.73,0.9035879162286944
data100,RC,h100rc103,ALNSMO,238,72.32169342041016,62,117.38,2325.07,105.4,491.47,1092.49,6013.73,0.9066491956259335
data100,RC,h100rc103,ALNSMO,239,72.57869505882263,100,117.38,2325.07,105.4,491.47,1092.49,6013.73,0.9066702684146055
data100,RC,h100rc103,ALNSMO,240,72.81069374084473,100,116.27,2325.07,105.4,491.47,1092.49,6013.73,0.9088869487881296
data100,RC,h100rc103,ALNSMO,241,73.08969640731812,95,116.27,2325.07,105.4,491.47,1092.49,6013.73,0.908905609399334
data100,RC,h100rc103,ALNSMO,242,73.36469221115112,100,116.27,2325.07,105.4,491.47,1092.49,6013.73,0.9089529518690801
data100,RC,h100rc103,ALNSMO,243,73.60969591140747,100,116.27,2314.54,105.4,491.47,1092.49,6013.73,0.9111717114469525
data100,RC,h100rc103,ALNSMO,244,73.85669422149658,100,116.27,2314.54,105.4,491.47,1092.49,6013.73,0.9112083657546618
data100,RC,h100rc103,ALNSMO,245,74.12369513511658,100,116.27,2301.94,105.4,491.47,1092.49,6013.73,0.9138124679144631
data100,RC,h100rc103,ALNSMO,246,74.36669540405273,100,114.77,2301.94,105.4,491.47,1092.49,6013.73,0.9169238997866065
data100,RC,h100rc103,ALNSMO,247,74.62369418144226,100,114.77,2289.35,105.4,491.47,1092.49,6013.73,0.9195427009285018
data100,RC,h100rc103,ALNSMO,248,74.85469388961792,100,114.77,2289.35,105.4,491.47,1092.49,6013.73,0.9195427009285018
data100,RC,h100rc103,ALNSMO,249,75.07955956459045,100,114.77,2289.35,105.4,491.47,1092.49,6013.73,0.9195427582986401
data100,RC,h100rc103,ALNSMO,250,75.27632236480713,100,114.77,2289.35,105.4,491.47,1092.49,6013.73,0.9195428688282643
data100,RC,h100rc103,ALNSMO,251,75.49337124824524,100,113.62,2289.35,105.4,491.47,1092.49,6013.73,0.9218083831161782
data100,RC,h100rc103,ALNSMO,252,75.74439406394958,62,113.62,2278.85,105.4,491.47,1092.49,6013.73,0.9240769505481197
data100,RC,h100rc103,ALNSMO,253,75.96134614944458,100,113.62,2278.85,105.4,491.47,1092.49,6013.73,0.9240769505481197
data100,RC,h100rc103,ALNSMO,254,76.15334463119507,100,113.62,2278.85,105.4,491.47,1092.49,6013.73,0.9240887401641792
data100,RC,h100rc103,ALNSMO,255,76.36218166351318,100,113.62,2278.85,105.4,491.47,1092.49,6013.73,0.9241073016145208
data100,RC,h100rc103,ALNSMO,256,76.87215948104858,100,113.62,2278.85,105.4,491.47,1092.49,6013.73,0.9241094174673288
data100,RC,h100rc103,ALNSMO,257,77.06536078453064,100,113.62,2278.84,105.4,491.47,1092.49,6013.73,0.924129273888012
data100,RC,h100rc103,ALNSMO,258,77.26367616653442,100,113.62,2270.46,105.4,491.47,1092.49,6013.73,0.9258589079563406
data100,RC,h100rc103,ALNSMO,259,77.5023546218872,66,113.62,2270.46,105.4,491.47,1092.49,6013.73,0.9258932581950817
data100,RC,h100rc103,ALNSMO,260,77.74335789680481,100,113.62,2270.46,105.4,491.47,1092.49,6013.73,0.9258982777137532
data100,RC,h100rc103,ALNSMO,261,77.98828554153442,100,113.62,2270.46,105.4,491.47,1092.49,6013.73,0.9259103541805044
data100,RC,h100rc103,ALNSMO,262,78.31766152381897,100,113.62,2270.46,105.4,491.47,1092.49,6013.73,0.925971440219535
data100,RC,h100rc103,ALNSMO,263,78.69266414642334,100,113.62,2270.46,105.4,491.47,1092.49,6013.73,0.9259871846908184
data100,RC,h100rc103,ALNSMO,264,78.94620537757874,100,113.62,2270.46,105.4,491.47,1092.49,6013.73,0.9260168948959312
data100,RC,h100rc103,ALNSMO,265,79.13709473609924,100,113.62,2270.45,105.4,491.47,1092.49,6013.73,0.9260189904691849
data100,RC,h100rc103,ALNSMO,266,79.32852602005005,100,113.62,2270.45,105.4,491.47,1092.49,6013.73,0.9260189904691849
data100,RC,h100rc103,ALNSMO,267,79.55157017707825,100,113.62,2270.45,105.4,491.47,1092.49,6013.73,0.9260206152546621
data100,RC,h100rc103,ALNSMO,268,79.74420022964478,67,113.62,2264.34,105.4,491.47,1092.49,6013.73,0.9272916961285762
data100,RC,h100rc103,ALNSMO,269,79.9273374080658,79,113.62,2264.34,105.4,491.47,1092.49,6013.73,0.927379563127143
data100,RC,h100rc103,ALNSMO,270,80.15581274032593,100,113.62,2264.34,105.4,491.47,1092.49,6013.73,0.927388315757559
data100,RC,h100rc103,ALNSMO,271,80.31250548362732,100,113.62,2264.34,105.4,491.47,1092.49,6013.73,0.9274952899070126
data100,RC,h100rc103,ALNSMO,272,80.52737188339233,100,113.62,2264.32,105.4,491.47,1092.49,6013.73,0.9275051686974535
data100,RC,h100rc103,ALNSMO,273,80.70604920387268,100,113.62,2264.32,105.4,491.47,1092.49,6013.73,0.9275080601524253
data100,RC,h100rc103,ALNSMO,274,80.91051697731018,100,113.62,2264.32,105.4,491.47,1092.49,6013.73,0.9275770175323339
data100,RC,h100rc103,ALNSMO,275,81.06019949913025,61,113.62,2264.32,105.4,491.47,1092.49,6013.73,0.9276300974896112
data100,RC,h100rc103,ALNSMO,276,81.26039552688599,100,113.62,2264.32,105.4,491.47,1092.49,6013.73,0.927661057468976
data100,RC,h100rc103,ALNSMO,277,81.42735576629639,100,112.12,2264.27,105.4,491.47,1092.49,6013.73,0.9306972336411024
data100,RC,h100rc103,ALNSMO,278,81.62951040267944,100,112.12,2264.27,105.4,491.47,1092.49,6013.73,0.9307026233287491
data100,RC,h100rc103,ALNSMO,279,81.84132099151611,100,112.12,2264.27,105.4,491.47,1092.49,6013.73,0.9307718031890015
data100,RC,h100rc103,ALNSMO,280,82.08172512054443,100,111.19,2264.27,105.4,491.47,1092.49,6013.73,0.9325456668233663
data100,RC,h100rc103,ALNSMO,281,82.28530168533325,100,111.19,2264.26,105.4,491.47,1092.49,6013.73,0.9325899221322826
data100,RC,h100rc103,ALNSMO,282,82.48706364631653,76,111.19,2264.26,105.4,491.47,1092.49,6013.73,0.9326289560901699
data100,RC,h100rc103,ALNSMO,283,82.7125792503357,100,111.19,2264.26,105.4,491.47,1092.49,6013.73,0.9326628171563737
data100,RC,h100rc103,ALNSMO,284,82.95242691040039,100,111.19,2264.16,105.4,491.47,1092.49,6013.73,0.9327086822134748
data100,RC,h100rc103,ALNSMO,285,83.12410092353821,100,111.19,2264.16,105.4,491.47,1092.49,6013.73,0.9327104740039509
data100,RC,h100rc103,ALNSMO,286,83.52597689628601,100,111.19,2264.16,105.4,491.47,1092.49,6013.73,0.9327104740039509
data100,RC,h100rc103,ALNSMO,287,83.81948781013489,100,111.19,2232.65,105.4,491.47,1092.49,6013.73,0.9392987191958382
data100,RC,h100rc103,ALNSMO,288,84.10458946228027,100,111.19,2232.65,105.4,491.47,1092.49,6013.73,0.9393040119332144
data100,RC,h100rc103,ALNSMO,289,84.41159677505493,100,111.19,2232.65,105.4,491.47,1092.49,6013.73,0.9393451657440294
data100,RC,h100rc103,ALNSMO,290,84.6395914554596,100,111.19,2232.64,105.4,491.47,1092.49,6013.73,0.9393665638950726
data100,RC,h100rc103,ALNSMO,291,84.84959125518799,100,111.19,2232.57,105.4,491.47,1092.49,6013.73,0.9393835778727774
data100,RC,h100rc103,ALNSMO,292,85.07275629043579,84,111.19,2232.57,105.4,491.47,1092.49,6013.73,0.9393851513409291
data100,RC,h100rc103,ALNSMO,293,85.29084134101868,100,111.19,2232.57,105.4,491.47,1092.49,6013.73,0.9393985084775939
data100,RC,h100rc103,ALNSMO,294,85.50768232345581,100,111.19,2232.57,105.4,491.47,1092.49,6013.73,0.939403644420803
data100,RC,h100rc103,ALNSMO,295,85.7266833782196,100,111.19,2222.06,105.4,491.47,1092.49,6013.73,0.9415822480387817
data100,RC,h100rc103,ALNSMO,296,85.96568202972412,100,111.19,2222.06,105.4,491.47,1092.49,6013.73,0.9415863712674665
data100,RC,h100rc103,ALNSMO,297,86.1796805858612,100,111.19,2222.06,105.4,491.47,1092.49,6013.73,0.9416270682751342
data100,RC,h100rc103,ALNSMO,298,86.3432412147522,100,110.62,2222.06,105.4,491.47,1092.49,6013.73,0.9427792923860115
data100,RC,h100rc103,ALNSMO,299,86.56028914451599,100,110.62,2222.06,105.4,491.47,1092.49,6013.73,0.942782179682964
data100,RC,h100rc103,ALNSMO,300,86.80324006080627,100,110.62,2222.06,105.4,491.47,1092.49,6013.73,0.9428015165249366
data100,RC,h100rc103,ALNSMO,301,87.0409026145935,100,110.62,2222.06,105.4,491.47,1092.49,6013.73,0.9428224222559763
data100,RC,h100rc103,ALNSMO,302,87.28987050056458,100,110.62,2211.57,105.4,491.47,1092.49,6013.73,0.9449993768561733
data100,RC,h100rc103,ALNSMO,303,87.48281121253967,100,110.62,2211.57,105.4,491.47,1092.49,6013.73,0.9450133881176813
data100,RC,h100rc103,ALNSMO,304,87.69488310813904,100,110.62,2211.57,105.4,491.47,1092.49,6013.73,0.9450607701675595
data100,RC,h100rc103,ALNSMO,305,88.15765500068665,100,110.62,2211.57,105.4,491.47,1092.49,6013.73,0.9451400915945402
data100,RC,h100rc103,ALNSMO,306,88.42718863487244,100,110.62,2211.57,105.4,491.47,1092.49,6013.73,0.9451400999632117
data100,RC,h100rc103,ALNSMO,307,88.74698114395142,100,110.62,2211.57,105.4,491.47,1092.49,6013.73,0.9451553257347581
data100,RC,h100rc103,ALNSMO,308,89.103679895401,100,110.62,2211.57,105.4,491.47,1092.49,6013.73,0.945159836501359
data100,RC,h100rc103,ALNSMO,309,89.34799885749817,100,110.62,2211.57,105.4,491.47,1092.49,6013.73,0.9451854988484641
data100,RC,h100rc103,ALNSMO,310,89.56960868835449,92,110.62,2201.05,105.4,491.47,1092.49,6013.73,0.9473877157364228
data100,RC,h100rc103,ALNSMO,311,89.75220775604248,100,110.62,2201.05,105.4,491.47,1092.49,6013.73,0.9474126093236741
data100,RC,h100rc103,ALNSMO,312,89.92678213119507,100,110.62,2201.05,105.4,491.47,1092.49,6013.73,0.9474202625001272
data100,RC,h100rc103,ALNSMO,313,90.12660193443298,100,110.62,2201.05,105.4,491.47,1092.49,6013.73,0.9474638048561235
data100,RC,h100rc103,ALNSMO,314,90.29329919815063,100,110.62,2201.05,105.4,491.47,1092.49,6013.73,0.9475134512895714
data100,RC,h100rc103,ALNSMO,315,90.4974639415741,100,110.62,2201.04,105.4,491.47,1092.49,6013.73,0.9475442831440484
data100,RC,h100rc103,ALNSMO,316,90.71593523025513,100,110.62,2201.04,105.4,491.47,1092.49,6013.73,0.9475522640145209
data100,RC,h100rc103,ALNSMO,317,90.93629336357117,97,110.62,2175.87,105.4,491.47,1092.49,6013.73,0.9527734771393095
data100,RC,h100rc103,ALNSMO,318,91.12673139572144,100,110.62,2175.87,105.4,491.47,1092.49,6013.73,0.9529155559711394
data100,RC,h100rc103,ALNSMO,319,91.31247305870056,100,110.62,2175.87,105.4,491.47,1092.49,6013.73,0.9529166021603501
data100,RC,h100rc103,ALNSMO,320,91.54581761360168,100,110.62,2175.87,105.4,491.47,1092.49,6013.73,0.9529322058905785
data100,RC,h100rc103,ALNSMO,321,91.75060319900513,100,110.62,2175.87,105.4,491.47,1092.49,6013.73,0.9529322461023085
data100,RC,h100rc103,ALNSMO,322,91.95142698287964,100,110.62,2175.86,105.4,491.47,1092.49,6013.73,0.9529343102009357
data100,RC,h100rc103,ALNSMO,323,92.13152408599854,93,110.62,2161.25,105.4,491.47,1092.49,6013.73,0.9560179458042116
data100,RC,h100rc103,ALNSMO,324,92.31015110015869,100,110.62,2161.25,105.4,491.47,1092.49,6013.73,0.9560179458042116
data100,RC,h100rc103,ALNSMO,325,92.59717321395874,100,110.62,2161.25,105.4,491.47,1092.49,6013.73,0.9560317271641011
data100,RC,h100rc103,ALNSMO,326,92.83735346794128,100,110.62,2098.24,105.4,491.47,1092.49,6013.73,0.9690424783393928
data100,RC,h100rc103,ALNSMO,327,93.05260634422302,100,110.62,2098.24,105.4,491.47,1092.49,6013.73,0.9690870381995305
data100,RC,h100rc103,ALNSMO,328,93.28037691116333,100,110.62,2098.24,105.4,491.47,1092.49,6013.73,0.9690870381995305
data100,RC,h100rc103,ALNSMO,329,93.59937691688538,98,110.62,2098.24,105.4,491.47,1092.49,6013.73,0.9691141794856418
data100,RC,h100rc103,ALNSMO,330,93.87229704856873,100,110.62,2098.24,105.4,491.47,1092.49,6013.73,0.9691692120803153
data100,RC,h100rc103,ALNSMO,331,94.17329454421997,100,110.62,2087.75,105.4,491.47,1092.49,6013.73,0.9713571373773221
data100,RC,h100rc103,ALNSMO,332,94.40829682350159,100,110.62,2087.75,105.4,491.47,1092.49,6013.73,0.9713802967021351
data100,RC,h100rc103,ALNSMO,333,94.67362952232361,100,110.14,2087.73,105.4,491.47,1092.49,6013.73,0.9723537803995711
data100,RC,h100rc103,ALNSMO,334,94.94194984436035,100,110.14,2087.73,105.4,491.47,1092.49,6013.73,0.9723827290555723
data100,RC,h100rc103,ALNSMO,335,95.17578887939453,100,110.14,2087.73,105.4,491.47,1092.49,6013.73,0.9724106018898971
data100,RC,h100rc103,ALNSMO,336,95.51292157173157,100,110.14,2077.24,105.4,491.47,1092.49,6013.73,0.9745443465651012
data100,RC,h100rc103,ALNSMO,337,95.91492033004761,100,109.89,2077.24,105.4,491.47,1092.49,6013.73,0.9750608318672959
data100,RC,h100rc103,ALNSMO,338,96.28592276573181,100,109.89,2077.24,105.4,491.47,1092.49,6013.73,0.9751137676097298
data100,RC,h100rc103,ALNSMO,339,96.50443530082703,100,109.89,2077.24,105.4,491.47,1092.49,6013.73,0.9751417213938461
data100,RC,h100rc103,ALNSMO,340,96.81219553947449,100,109.89,2077.24,105.4,491.47,1092.49,6013.73,0.9751418916621009
data100,RC,h100rc103,ALNSMO,341,97.0711920261383,100,109.89,2077.24,105.4,491.47,1092.49,6013.73,0.9752396442723656
data100,RC,h100rc103,ALNSMO,342,97.26819252967834,100,109.89,2077.24,105.4,491.47,1092.49,6013.73,0.9752894662373837
data100,RC,h100rc103,ALNSMO,343,97.46719145774841,100,109.89,2077.24,105.4,491.47,1092.49,6013.73,0.9753414661623321
data100,RC,h100rc103,ALNSMO,344,97.6671929359436,100,109.89,2077.24,105.4,491.47,1092.49,6013.73,0.9753414661623321
data100,RC,h100rc103,ALNSMO,345,97.93594717979431,100,109.89,2077.24,105.4,491.47,1092.49,6013.73,0.9753414661623321
data100,RC,h100rc103,ALNSMO,346,98.23925161361694,100,109.89,2077.22,105.4,491.47,1092.49,6013.73,0.9753845155772575
data100,RC,h100rc103,ALNSMO,347,98.50204014778137,100,109.89,2077.22,105.4,491.47,1092.49,6013.73,0.9753845310514049
data100,RC,h100rc103,ALNSMO,348,98.79791593551636,100,109.89,2077.21,105.4,491.47,1092.49,6013.73,0.9753929421821246
data100,RC,h100rc103,ALNSMO,349,99.0374972820282,100,109.89,2077.21,105.4,491.47,1092.49,6013.73,0.9753929673407724
data100,RC,h100rc103,ALNSMO,350,99.28549599647522,100,109.89,2077.21,105.4,491.47,1092.49,6013.73,0.9754278020150668
data100,RC,h100rc103,ALNSMO,351,99.69832992553711,100,109.89,2073.03,105.4,491.47,1092.49,6013.73,0.9763113887058049
data100,RC,h100rc103,ALNSMO,352,99.9211688041687,100,109.89,2073.02,105.4,491.47,1092.49,6013.73,0.9763695760633316
data100,RC,h100rc103,ALNSMO,353,100.15316939353943,100,109.89,2073.02,105.4,491.47,1092.49,6013.73,0.9763814405763698
data100,RC,h100rc103,ALNSMO,354,100.41616868972778,100,109.89,2073.02,105.4,491.47,1092.49,6013.73,0.9764212217671506
data100,RC,h100rc103,ALNSMO,355,100.77316856384277,100,109.89,2070.92,105.4,491.47,1092.49,6013.73,0.9768961497727693
data100,RC,h100rc103,ALNSMO,356,101.01816725730896,100,109.89,2070.92,105.4,491.47,1092.49,6013.73,0.9770604387431053
data100,RC,h100rc103,ALNSMO,357,101.23535490036011,100,109.89,2052.02,105.4,491.47,1092.49,6013.73,0.9809517572755987
data100,RC,h100rc103,ALNSMO,358,101.48485684394836,100,109.89,2052.02,105.4,491.47,1092.49,6013.73,0.9810789817680531
data100,RC,h100rc103,ALNSMO,359,102.10384130477905,100,106.79,2052.02,105.4,491.47,1092.49,6013.73,0.9871442192151234
data100,RC,h100rc103,ALNSMO,360,102.33884048461914,100,106.79,2052.02,105.4,491.47,1092.49,6013.73,0.987159270507763
data100,RC,h100rc103,ALNSMO,361,102.58184456825256,100,106.79,2052.02,105.4,491.47,1092.49,6013.73,0.987173859839206
data100,RC,h100rc103,ALNSMO,362,102.84184408187866,100,106.79,2052.01,105.4,491.47,1092.49,6013.73,0.987228294821254
data100,RC,h100rc103,ALNSMO,363,103.11684250831604,100,106.79,2052.01,105.4,491.47,1092.49,6013.73,0.9872413965818536
data100,RC,h100rc103,ALNSMO,364,103.36984300613403,100,106.79,2045.75,105.4,491.47,1092.49,6013.73,0.9885451849874425
data100,RC,h100rc103,ALNSMO,365,103.63084053993225,100,106.79,2045.75,105.4,491.47,1092.49,6013.73,0.9885451849874425
data100,RC,h100rc103,ALNSMO,366,103.85984420776367,100,106.79,2045.75,105.4,491.47,1092.49,6013.73,0.9885467268757014
data100,RC,h100rc103,ALNSMO,367,104.16284322738647,100,106.79,2045.75,105.4,491.47,1092.49,6013.73,0.9885588015529253
data100,RC,h100rc103,ALNSMO,368,104.5328414440155,100,106.79,2045.74,105.4,491.47,1092.49,6013.73,0.9886031200742598
data100,RC,h100rc103,ALNSMO,369,104.8228406906128,100,106.79,2045.74,105.4,491.47,1092.49,6013.73,0.9886031200742598
data100,RC,h100rc103,ALNSMO,370,105.06984281539917,100,106.79,2045.73,105.4,491.47,1092.49,6013.73,0.9886247112310799
data100,RC,h100rc103,ALNSMO,371,105.38583993911743,100,106.79,2045.73,105.4,491.47,1092.49,6013.73,0.9887172957392781
data100,RC,h100rc103,ALNSMO,372,105.71684145927429,99,106.79,2043.65,105.4,491.47,1092.49,6013.73,0.9891687928119537
data100,RC,h100rc103,ALNSMO,373,105.99684071540833,100,106.79,2043.65,105.4,491.47,1092.49,6013.73,0.9891921220365891
data100,RC,h100rc103,ALNSMO,374,106.26784110069275,100,106.79,2037.35,105.4,491.47,1092.49,6013.73,0.9905234457821896
data100,RC,h100rc103,ALNSMO,375,106.534841299057,100,106.79,2037.35,105.4,491.47,1092.49,6013.73,0.9905295029108677
data100,RC,h100rc103,ALNSMO,376,106.77784276008606,100,106.79,2037.35,105.4,491.47,1092.49,6013.73,0.9905296091245734
data100,RC,h100rc103,ALNSMO,377,107.04583978652954,100,106.79,2033.02,105.4,491.47,1092.49,6013.73,0.9915333273849257
data100,RC,h100rc103,ALNSMO,378,107.31284189224243,100,106.79,2033.02,105.4,491.47,1092.49,6013.73,0.991579591190805
data100,RC,h100rc103,ALNSMO,379,107.55346035957336,100,106.79,2033.02,105.4,491.47,1092.49,6013.73,0.9916052354321051
data100,RC,h100rc103,ALNSMO,380,107.8026020526886,100,106.79,2033.02,105.4,491.47,1092.49,6013.73,0.9916283512819325
data100,RC,h100rc103,ALNSMO,381,108.0516037940979,100,106.79,2033.02,105.4,491.47,1092.49,6013.73,0.9917731114045484
data100,RC,h100rc103,ALNSMO,382,108.30160284042358,100,106.79,1995.21,105.4,491.47,1092.49,6013.73,0.9995955999097869
data100,RC,h100rc103,ALNSMO,383,108.52172708511353,100,106.79,1995.21,105.4,491.47,1092.49,6013.73,0.9996229068850684
data100,RC,h100rc103,ALNSMO,384,108.71372580528259,100,106.79,1995.21,105.4,491.47,1092.49,6013.73,0.9996271165900259
data100,RC,h100rc103,ALNSMO,385,108.89287376403809,100,106.79,1995.21,105.4,491.47,1092.49,6013.73,0.9996416833418458
data100,RC,h100rc103,ALNSMO,386,109.05686664581299,100,106.79,1995.21,105.4,491.47,1092.49,6013.73,0.9996420010355659
data100,RC,h100rc103,ALNSMO,387,109.22610640525818,100,106.79,1995.21,105.4,491.47,1092.49,6013.73,0.9996459755755895
data100,RC,h100rc103,ALNSMO,388,109.46740889549255,100,106.79,1995.21,105.4,491.47,1092.49,6013.73,0.9996847020505886
data100,RC,h100rc103,ALNSMO,389,109.84482932090759,100,106.79,1995.21,105.4,491.47,1092.49,6013.73,0.9996915625717359
data100,RC,h100rc103,ALNSMO,390,110.10500884056091,100,106.79,1993.11,105.4,491.47,1092.49,6013.73,1.0001257707268976
data100,RC,h100rc103,ALNSMO,391,110.41326308250427,100,105.83,1993.11,105.4,491.47,1092.49,6013.73,1.0020421605854315
data100,RC,h100rc103,ALNSMO,392,110.71708416938782,100,105.83,1993.11,105.4,491.47,1092.49,6013.73,1.0020432317753905
data100,RC,h100rc103,ALNSMO,393,111.17592668533325,100,105.83,1993.1,105.4,491.47,1092.49,6013.73,1.0021124349363406
data100,RC,h100rc103,ALNSMO,394,111.39853024482727,100,105.83,1993.1,105.4,491.47,1092.49,6013.73,1.0022066490196333
data100,RC,h100rc103,ALNSMO,395,111.62611126899719,100,105.83,1993.1,105.4,491.47,1092.49,6013.73,1.0022107385630992
data100,RC,h100rc103,ALNSMO,396,111.85575246810913,100,105.83,1993.1,105.4,491.47,1092.49,6013.73,1.0022585126247117
data100,RC,h100rc103,ALNSMO,397,112.09773588180542,100,105.83,1993.1,105.4,491.47,1092.49,6013.73,1.0022655976262624
data100,RC,h100rc103,ALNSMO,398,112.2925717830658,100,105.83,1993.1,105.4,491.47,1092.49,6013.73,1.0022706880944263
data100,RC,h100rc103,ALNSMO,399,112.63681125640869,100,105.83,1969.99,105.4,491.47,1092.49,6013.73,1.007018269873462
data100,RC,h100rc103,ALNSMO,400,112.86965012550354,100,105.83,1969.99,105.4,491.47,1092.49,6013.73,1.0070693636133905
data100,RC,h100rc103,ALNSMO,401,113.10907363891602,100,105.83,1969.99,105.4,491.47,1092.49,6013.73,1.0070751557341362
data100,RC,h100rc103,ALNSMO,402,113.36342310905457,100,105.83,1969.99,105.4,491.47,1092.49,6013.73,1.0071478498048438
data100,RC,h100rc103,ALNSMO,403,113.72079610824585,100,105.83,1969.99,105.4,491.47,1092.49,6013.73,1.0072261154107465
data100,RC,h100rc103,ALNSMO,404,114.00191116333008,100,105.83,1969.99,105.4,491.47,1092.49,6013.73,1.007230241218456
data100,RC,h100rc103,ALNSMO,405,114.25828528404236,100,105.83,1969.99,105.4,491.47,1092.49,6013.73,1.0073018618886118
data100,RC,h100rc103,ALNSMO,406,114.52660584449768,100,105.83,1969.98,105.4,491.47,1092.49,6013.73,1.0073039133552821
data100,RC,h100rc103,ALNSMO,407,114.88307785987854,100,105.83,1957.37,105.4,491.47,1092.49,6013.73,1.009955379864432
data100,RC,h100rc103,ALNSMO,408,115.183429479599,100,105.83,1957.37,105.4,491.47,1092.49,6013.73,1.0099554293395974
data100,RC,h100rc103,ALNSMO,409,115.49982690811157,100,105.83,1957.37,105.4,491.47,1092.49,6013.73,1.0100081696551289
data100,RC,h100rc103,ALNSMO,410,115.79165959358215,83,105.83,1936.4,105.4,491.47,1092.49,6013.73,1.0145838387198343
data100,RC,h100rc103,ALNSMO,411,116.04053831100464,100,105.83,1936.27,105.4,491.47,1092.49,6013.73,1.0147118086082851
data100,RC,h100rc103,ALNSMO,412,116.27567291259766,100,105.83,1936.27,105.4,491.47,1092.49,6013.73,1.0147210027782334
data100,RC,h100rc103,ALNSMO,413,116.42588067054749,100,105.83,1936.27,105.4,491.47,1092.49,6013.73,1.014722057809814
data100,RC,h100rc103,ALNSMO,414,116.62581968307495,100,105.83,1936.27,105.4,491.47,1092.49,6013.73,1.0147220763366842
data100,RC,h100rc103,ALNSMO,415,116.84559988975525,100,105.83,1936.27,105.4,491.47,1092.49,6013.73,1.0147547408933881
data100,RC,h100rc103,ALNSMO,416,117.07212972640991,100,105.83,1936.27,105.4,491.47,1092.49,6013.73,1.014754747630432
data100,RC,h100rc103,ALNSMO,417,117.2639524936676,100,105.83,1936.27,105.4,491.47,1092.49,6013.73,1.0147847208434173
data100,RC,h100rc103,ALNSMO,418,117.52564525604248,100,105.83,1936.27,105.4,491.47,1092.49,6013.73,1.014814257885452
data100,RC,h100rc103,ALNSMO,419,117.77312755584717,100,105.83,1936.27,105.4,491.47,1092.49,6013.73,1.0148271956411425
data100,RC,h100rc103,ALNSMO,420,118.47894549369812,100,105.83,1936.27,105.4,491.47,1092.49,6013.73,1.0148273279082596
data100,RC,h100rc103,ALNSMO,421,119.15154242515564,100,105.83,1936.26,105.4,491.47,1092.49,6013.73,1.0148339707228902
data100,RC,h100rc103,ALNSMO,422,119.83669114112854,100,105.83,1932.21,105.4,491.47,1092.49,6013.73,1.0156826974701565
data100,RC,h100rc103,ALNSMO,423,120.14738035202026,100,105.83,1932.21,105.4,491.47,1092.49,6013.73,1.0156826974701565
data100,RC,h100rc103,ALNSMO,424,120.468576669693,100,105.83,1932.21,105.4,491.47,1092.49,6013.73,1.0156826974701565
data100,RC,h100rc103,ALNSMO,425,120.76042079925537,100,105.83,1932.21,105.4,491.47,1092.49,6013.73,1.0156827189971167
data100,RC,h100rc103,ALNSMO,426,121.1100926399231,100,105.83,1932.21,105.4,491.47,1092.49,6013.73,1.0157086743003592
data100,RC,h100rc103,ALNSMO,427,121.4820396900177,100,105.83,1932.21,105.4,491.47,1092.49,6013.73,1.0157137304517063
data100,RC,h100rc103,ALNSMO,428,121.8475501537323,100,105.83,1932.2,105.4,491.47,1092.49,6013.73,1.0157254184173548
data100,RC,h100rc103,ALNSMO,429,122.3149266242981,100,105.83,1932.2,105.4,491.47,1092.49,6013.73,1.015758168976633
data100,RC,h100rc103,ALNSMO,430,122.62509274482727,100,105.83,1932.2,105.4,491.47,1092.49,6013.73,1.0157734786980608
data100,RC,h100rc103,ALNSMO,431,122.91377997398376,100,105.83,1932.2,105.4,491.47,1092.49,6013.73,1.0157735871223592
data100,RC,h100rc103,ALNSMO,432,123.27736115455627,100,105.83,1932.2,105.4,491.47,1092.49,6013.73,1.0157779101991313
data100,RC,h100rc103,ALNSMO,433,123.64934778213501,100,105.83,1932.2,105.4,491.47,1092.49,6013.73,1.015784631400319
data100,RC,h100rc103,ALNSMO,434,124.05189919471741,100,105.83,1932.2,105.4,491.47,1092.49,6013.73,1.015822435584553
data100,RC,h100rc103,ALNSMO,435,124.42906141281128,100,105.83,1932.2,105.4,491.47,1092.49,6013.73,1.0158229978645419
data100,RC,h100rc103,ALNSMO,436,124.735769033432,87,105.83,1921.7,105.4,491.47,1092.49,6013.73,1.0180348227558884
data100,RC,h100rc103,ALNSMO,437,125.01428461074829,100,105.83,1921.7,105.4,491.47,1092.49,6013.73,1.0180499255763862
data100,RC,h100rc103,ALNSMO,438,125.29470992088318,100,105.83,1921.7,105.4,491.47,1092.49,6013.73,1.0180840298077631
data100,RC,h100rc103,ALNSMO,439,125.5792908668518,100,105.83,1921.7,105.4,491.47,1092.49,6013.73,1.0180840298077631
data100,RC,h100rc103,ALNSMO,440,125.86072540283203,100,105.83,1921.7,105.4,491.47,1092.49,6013.73,1.0180866825187465
data100,RC,h100rc103,ALNSMO,441,126.14009404182434,100,105.83,1921.7,105.4,491.47,1092.49,6013.73,1.0180866825187465
data100,RC,h100rc103,ALNSMO,442,126.44428277015686,100,105.83,1921.7,105.4,491.47,1092.49,6013.73,1.0182751014218965
data100,RC,h100rc103,ALNSMO,443,126.72928309440613,100,105.83,1921.7,105.4,491.47,1092.49,6013.73,1.018314673974853
data100,RC,h100rc103,ALNSMO,444,127.0482804775238,87,105.83,1919.6,105.4,491.47,1092.49,6013.73,1.0187532018908982
data100,RC,h100rc103,ALNSMO,445,127.33828210830688,100,105.83,1919.6,105.4,491.47,1092.49,6013.73,1.0188206315408663
data100,RC,h100rc103,ALNSMO,446,127.68028354644775,100,105.83,1919.6,105.4,491.47,1092.49,6013.73,1.018823014085868
data100,RC,h100rc103,ALNSMO,447,127.99131369590759,100,105.83,1919.6,105.4,491.47,1092.49,6013.73,1.01885105839901
data100,RC,h100rc103,ALNSMO,448,128.36228132247925,100,105.83,1919.59,105.4,491.47,1092.49,6013.73,1.018853374873613
data100,RC,h100rc103,ALNSMO,449,128.6712839603424,100,105.83,1919.59,105.4,491.47,1092.49,6013.73,1.0188547577571125
data100,RC,h100rc103,ALNSMO,450,128.9792811870575,100,105.83,1919.59,105.4,491.47,1092.49,6013.73,1.0188554651467079
data100,RC,h100rc103,ALNSMO,451,129.31228137016296,100,105.83,1919.56,105.4,491.47,1092.49,6013.73,1.018953508507781
data100,RC,h100rc103,ALNSMO,452,129.64528226852417,100,105.83,1919.56,105.4,491.47,1092.49,6013.73,1.0189553818270134
data100,RC,h100rc103,ALNSMO,453,129.96727895736694,100,105.83,1919.56,105.4,491.47,1092.49,6013.73,1.019025367185061
data100,RC,h100rc103,ALNSMO,454,130.28728079795837,100,105.83,1919.56,105.4,491.47,1092.49,6013.73,1.0190258675684603
data100,RC,h100rc103,ALNSMO,455,130.63528156280518,100,105.83,1919.56,105.4,491.47,1092.49,6013.73,1.0190258916218118
data100,RC,h100rc103,ALNSMO,456,131.079283952713,100,105.83,1919.56,105.4,491.47,1092.49,6013.73,1.0190341650273567
data100,RC,h100rc103,ALNSMO,457,131.4492802619934,100,105.83,1919.56,105.4,491.47,1092.49,6013.73,1.0190351304246754
data100,RC,h100rc103,ALNSMO,458,131.7662787437439,100,105.83,1919.55,105.4,491.47,1092.49,6013.73,1.0190378809122698
data100,RC,h100rc103,ALNSMO,459,132.08182883262634,100,105.83,1919.55,105.4,491.47,1092.49,6013.73,1.0190378809122698
data100,RC,h100rc103,ALNSMO,460,132.36282896995544,100,105.83,1919.55,105.4,491.47,1092.49,6013.73,1.0190382346070677
data100,RC,h100rc103,ALNSMO,461,132.6488299369812,100,105.83,1919.55,105.4,491.47,1092.49,6013.73,1.0190382355018313
data100,RC,h100rc103,ALNSMO,462,133.02083086967468,100,105.83,1919.55,105.4,491.47,1092.49,6013.73,1.0190465585930737
data100,RC,h100rc103,ALNSMO,463,133.73583030700684,100,105.83,1919.55,105.4,491.47,1092.49,6013.73,1.019046565488017
data100,RC,h100rc103,ALNSMO,464,134.55082869529724,100,105.83,1919.55,105.4,491.47,1092.49,6013.73,1.019060667383817
data100,RC,h100rc103,ALNSMO,465,134.91982746124268,100,105.4,1919.55,105.4,491.47,1092.49,6013.73,1.0199411372759937
data100,RC,h100rc103,ALNSMO,466,135.40783286094666,100,105.4,1919.55,105.4,491.47,1092.49,6013.73,1.019982046132108
data100,RC,h100rc103,ALNSMO,467,135.81183099746704,100,105.4,1919.54,105.4,491.47,1092.49,6013.73,1.019996393282618
data100,RC,h100rc103,ALNSMO,468,136.16565489768982,100,105.4,1919.54,105.4,491.47,1092.49,6013.73,1.0200248075542022
data100,RC,h100rc103,ALNSMO,469,136.53565311431885,100,105.4,1919.54,105.4,491.47,1092.49,6013.73,1.0200274067899007
data100,RC,h100rc103,ALNSMO,470,136.8156545162201,100,105.4,1919.54,105.4,491.47,1092.49,6013.73,1.020039971744958
data100,RC,h100rc103,ALNSMO,471,137.08365488052368,100,105.4,1919.53,105.4,491.47,1092.49,6013.73,1.0200421106352977
data100,RC,h100rc103,ALNSMO,472,137.45465517044067,100,105.4,1919.51,105.4,491.47,1092.49,6013.73,1.0200463350459583
data100,RC,h100rc103,ALNSMO,473,137.77965593338013,100,105.4,1919.51,105.4,491.47,1092.49,6013.73,1.0200586953106785
data100,RC,h100rc103,ALNSMO,474,138.09765529632568,100,105.4,1919.51,105.4,491.47,1092.49,6013.73,1.0200587018898228
data100,RC,h100rc103,ALNSMO,475,138.41965746879578,100,105.4,1917.43,105.4,491.47,1092.49,6013.73,1.02054217486701
data100,RC,h100rc103,ALNSMO,476,138.74365735054016,100,105.4,1917.43,105.4,491.47,1092.49,6013.73,1.0205494312421115
data100,RC,h100rc103,ALNSMO,477,139.0946569442749,100,105.4,1917.43,105.4,491.47,1092.49,6013.73,1.020719325538128
data100,RC,h100rc103,ALNSMO,478,139.42165541648865,100,105.4,1917.43,105.4,491.47,1092.49,6013.73,1.0207380387298541
data100,RC,h100rc103,ALNSMO,479,139.74865198135376,100,105.4,1917.43,105.4,491.47,1092.49,6013.73,1.0207381204165096
data100,RC,h100rc103,ALNSMO,480,140.06865549087524,100,105.4,1917.43,105.4,491.47,1092.49,6013.73,1.0207596358500104
data100,RC,h100rc103,ALNSMO,481,140.40365648269653,100,105.4,1917.43,105.4,491.47,1092.49,6013.73,1.0207617772298985
data100,RC,h100rc103,ALNSMO,482,140.73065376281738,100,105.4,1917.41,105.4,491.47,1092.49,6013.73,1.0207714815940658
data100,RC,h100rc103,ALNSMO,483,141.11065649986267,100,105.4,1917.41,105.4,491.47,1092.49,6013.73,1.0208456587091654
data100,RC,h100rc103,ALNSMO,484,141.52065563201904,100,105.4,1917.41,105.4,491.47,1092.49,6013.73,1.0209009903654223
data100,RC,h100rc103,ALNSMO,485,141.89565467834473,100,105.4,1917.41,105.4,491.47,1092.49,6013.73,1.0209200386724424
data100,RC,h100rc103,ALNSMO,486,142.27165627479553,100,105.4,1917.41,105.4,491.47,1092.49,6013.73,1.0209200445147224
data100,RC,h100rc103,ALNSMO,487,142.66165614128113,100,105.4,1917.41,105.4,491.47,1092.49,6013.73,1.0209266157114198
data100,RC,h100rc103,ALNSMO,488,143.0446581840515,100,105.4,1917.41,105.4,491.47,1092.49,6013.73,1.0209353649733137
data100,RC,h100rc103,ALNSMO,489,143.41765642166138,99,105.4,1917.35,105.4,491.47,1092.49,6013.73,1.020950874658622
data100,RC,h100rc103,ALNSMO,490,143.7806556224823,100,105.4,1917.35,105.4,491.47,1092.49,6013.73,1.020952470706397
data100,RC,h100rc103,ALNSMO,491,144.1606583595276,100,105.4,1917.35,105.4,491.47,1092.49,6013.73,1.020954513504387
data100,RC,h100rc103,ALNSMO,492,144.5366530418396,100,105.4,1917.35,105.4,491.47,1092.49,6013.73,1.0209548016709074
data100,RC,h100rc103,ALNSMO,493,144.90365481376648,100,105.4,1917.35,105.4,491.47,1092.49,6013.73,1.0209567738352034
data100,RC,h100rc103,ALNSMO,494,145.2946572303772,100,105.4,1917.35,105.4,491.47,1092.49,6013.73,1.0209567909936117
data100,RC,h100rc103,ALNSMO,495,146.33065485954285,100,105.4,1917.35,105.4,491.47,1092.49,6013.73,1.0209567909936117
data100,RC,h100rc103,ALNSMO,496,146.68665742874146,100,105.4,1917.35,105.4,491.47,1092.49,6013.73,1.021050318951103
data100,RC,h100rc103,ALNSMO,497,147.0606563091278,100,105.4,1917.35,105.4,491.47,1092.49,6013.73,1.021050339688566
data100,RC,h100rc103,ALNSMO,498,147.43365478515625,74,105.4,1915.29,105.4,491.47,1092.49,6013.73,1.0214833674505
data100,RC,h100rc103,ALNSMO,499,147.81065773963928,100,105.4,1915.29,105.4,491.47,1092.49,6013.73,1.0214841951068532
data100,RC,h100rc103,ALNSMO,500,148.20265364646912,100,105.4,1915.29,105.4,491.47,1092.49,6013.73,1.021484366480404
data100,RC,h100rc103,ALNSMO,501,148.61565589904785,68,105.4,1909.0,105.4,491.47,1092.49,6013.73,1.0228506061816793
data100,RC,h100rc103,ALNSMO,502,148.98665595054626,100,105.4,1909.0,105.4,491.47,1092.49,6013.73,1.022858417468128
data100,RC,h100rc103,ALNSMO,503,149.35666036605835,100,105.4,1909.0,105.4,491.47,1092.49,6013.73,1.0229414646908441
data100,RC,h100rc103,ALNSMO,504,149.7276589870453,70,105.4,1909.0,105.4,491.47,1092.49,6013.73,1.0229904647365229
data100,RC,h100rc103,ALNSMO,505,150.1166548728943,100,105.4,1909.0,105.4,491.47,1092.49,6013.73,1.0229904840002575
data100,RC,h100rc103,ALNSMO,506,150.49865651130676,100,105.4,1909.0,105.4,491.47,1092.49,6013.73,1.0229922932649411
data100,RC,h100rc103,ALNSMO,507,150.89865612983704,100,105.4,1909.0,105.4,491.47,1092.49,6013.73,1.023003158011211
data100,RC,h100rc103,ALNSMO,508,151.31265711784363,100,105.4,1909.0,105.4,491.47,1092.49,6013.73,1.023003158011211
data100,RC,h100rc103,ALNSMO,509,151.75765991210938,100,105.4,1908.98,105.4,491.47,1092.49,6013.73,1.0230344593902685
data100,RC,h100rc103,ALNSMO,510,152.23165559768677,82,105.4,1908.98,105.4,491.47,1092.49,6013.73,1.0230344726538234
data100,RC,h100rc103,ALNSMO,511,152.67965698242188,100,105.4,1908.98,105.4,491.47,1092.49,6013.73,1.0230344726538234
data100,RC,h100rc103,ALNSMO,512,153.12066006660461,100,105.4,1908.98,105.4,491.47,1092.49,6013.73,1.0230487791346947
data100,RC,h100rc103,ALNSMO,513,153.6266598701477,100,105.4,1908.98,105.4,491.47,1092.49,6013.73,1.0231519058531926
data100,RC,h100rc103,ALNSMO,514,154.06665635108948,100,105.4,1908.98,105.4,491.47,1092.49,6013.73,1.0231538714383448
data100,RC,h100rc103,ALNSMO,515,154.51965594291687,100,105.4,1908.98,105.4,491.47,1092.49,6013.73,1.0231538714383448
data100,RC,h100rc103,ALNSMO,516,154.96965622901917,100,105.4,1908.98,105.4,491.47,1092.49,6013.73,1.0231538714383448
data100,RC,h100rc103,ALNSMO,517,155.70265769958496,100,105.4,1908.98,105.4,491.47,1092.49,6013.73,1.023153919597681
data100,RC,h100rc103,ALNSMO,518,156.1946575641632,100,105.4,1908.98,105.4,491.47,1092.49,6013.73,1.0233520928454418
data100,RC,h100rc103,ALNSMO,519,156.66865801811218,100,105.4,1902.72,105.4,491.47,1092.49,6013.73,1.0246642511857804
data100,RC,h100rc103,ALNSMO,520,157.14565777778625,100,105.4,1902.72,105.4,491.47,1092.49,6013.73,1.0246642511857804
data100,RC,h100rc103,ALNSMO,521,157.63565850257874,100,105.4,1902.72,105.4,491.47,1092.49,6013.73,1.0246642511857804
data100,RC,h100rc103,ALNSMO,522,158.11165618896484,100,105.4,1902.72,105.4,491.47,1092.49,6013.73,1.0246817285510403
data100,RC,h100rc103,ALNSMO,523,158.5656545162201,100,105.4,1902.72,105.4,491.47,1092.49,6013.73,1.0246817285510403
data100,RC,h100rc103,ALNSMO,524,159.0166563987732,100,105.4,1902.72,105.4,491.47,1092.49,6013.73,1.0246817285510403
data100,RC,h100rc103,ALNSMO,525,159.54665613174438,100,105.4,1902.72,105.4,491.47,1092.49,6013.73,1.02474904109224
data100,RC,h100rc103,ALNSMO,526,160.01465678215027,72,105.4,1902.68,105.4,491.47,1092.49,6013.73,1.0247792153007158
data100,RC,h100rc103,ALNSMO,527,160.58765506744385,100,105.4,1902.68,105.4,491.47,1092.49,6013.73,1.0247839567584327
data100,RC,h100rc103,ALNSMO,528,161.21565866470337,100,105.4,1902.68,105.4,491.47,1092.49,6013.73,1.0247839567584327
data100,RC,h100rc103,ALNSMO,529,161.99765825271606,100,105.4,1902.68,105.4,491.47,1092.49,6013.73,1.0247926250705353
data100,RC,h100rc103,ALNSMO,530,162.90466046333313,100,105.4,1902.68,105.4,491.47,1092.49,6013.73,1.0247926250705353
data100,RC,h100rc103,ALNSMO,531,164.25333309173584,100,105.4,1902.68,105.4,491.47,1092.49,6013.73,1.0247926250705353
data100,RC,h100rc103,ALNSMO,532,165.4208641052246,100,105.4,1885.87,105.4,491.47,1092.49,6013.73,1.028334482705681
data100,RC,h100rc103,ALNSMO,533,166.26742124557495,100,105.4,1885.87,105.4,491.47,1092.49,6013.73,1.0284017418242288
data100,RC,h100rc103,ALNSMO,534,167.33742141723633,69,105.4,1869.07,105.4,491.47,1092.49,6013.73,1.0319241027863022
data100,RC,h100rc103,ALNSMO,535,168.14765048027039,100,105.4,1869.07,105.4,491.47,1092.49,6013.73,1.0322079827048063
data100,RC,h100rc103,ALNSMO,536,168.898277759552,100,105.4,1869.07,105.4,491.47,1092.49,6013.73,1.0322079827048063
data100,RC,h100rc103,ALNSMO,537,169.6484010219574,100,105.4,1869.01,105.4,491.47,1092.49,6013.73,1.0322250829114081
data100,RC,h100rc103,ALNSMO,538,170.4924771785736,100,105.4,1869.01,105.4,491.47,1092.49,6013.73,1.0322276071974945
data100,RC,h100rc103,ALNSMO,539,171.28347373008728,100,105.4,1869.01,105.4,491.47,1092.49,6013.73,1.0322382976227569
data100,RC,h100rc103,ALNSMO,540,171.79481267929077,100,105.4,1869.0,105.4,491.47,1092.49,6013.73,1.0322404073543292
data100,RC,h100rc103,ALNSMO,541,172.3298110961914,100,105.4,1869.0,105.4,491.47,1092.49,6013.73,1.032240409670188
data100,RC,h100rc103,ALNSMO,542,172.8863377571106,100,105.4,1862.75,105.4,491.47,1092.49,6013.73,1.0335456341871851
data100,RC,h100rc103,ALNSMO,543,173.33140635490417,90,105.4,1862.75,105.4,491.47,1092.49,6013.73,1.0335723437235307
data100,RC,h100rc103,ALNSMO,544,173.78740525245667,100,105.4,1862.75,105.4,491.47,1092.49,6013.73,1.0335844969820545
data100,RC,h100rc103,ALNSMO,545,174.26740646362305,100,105.4,1862.75,105.4,491.47,1092.49,6013.73,1.0335844969820545
data100,RC,h100rc103,ALNSMO,546,174.77793788909912,100,105.4,1862.75,105.4,491.47,1092.49,6013.73,1.03358836309778
data100,RC,h100rc103,ALNSMO,547,175.22993683815002,100,105.4,1862.75,105.4,491.47,1092.49,6013.73,1.03358836309778
data100,RC,h100rc103,ALNSMO,548,175.71194291114807,100,105.4,1862.74,105.4,491.47,1092.49,6013.73,1.0335910624259481
data100,RC,h100rc103,ALNSMO,549,176.11993551254272,100,105.4,1862.74,105.4,491.47,1092.49,6013.73,1.0336795329688968
data100,RC,h100rc103,ALNSMO,550,176.5789361000061,100,105.4,1862.74,105.4,491.47,1092.49,6013.73,1.0336795354952881
data100,RC,h100rc103,ALNSMO,551,177.03493356704712,100,105.4,1862.74,105.4,491.47,1092.49,6013.73,1.0336973031323946
data100,RC,h100rc103,ALNSMO,552,177.45193576812744,100,105.4,1862.74,105.4,491.47,1092.49,6013.73,1.0337625659280278
data100,RC,h100rc103,ALNSMO,553,177.91293740272522,100,105.4,1862.73,105.4,491.47,1092.49,6013.73,1.0337697887600201
data100,RC,h100rc103,ALNSMO,554,178.34482645988464,100,105.4,1862.73,105.4,491.47,1092.49,6013.73,1.0337913238783205
data100,RC,h100rc103,ALNSMO,555,178.7995216846466,100,105.4,1862.73,105.4,491.47,1092.49,6013.73,1.0338114866923855
data100,RC,h100rc103,ALNSMO,556,179.2238883972168,100,105.4,1862.73,105.4,491.47,1092.49,6013.73,1.0338114866923855
data100,RC,h100rc103,ALNSMO,557,179.6956717967987,77,105.4,1852.24,105.4,491.47,1092.49,6013.73,1.0360686425353727
data100,RC,h100rc103,ALNSMO,558,180.1298258304596,100,105.4,1852.24,105.4,491.47,1092.49,6013.73,1.036068744538426
data100,RC,h100rc103,ALNSMO,559,180.462641954422,100,105.4,1852.24,105.4,491.47,1092.49,6013.73,1.0360820141987883
