algorithm,solution_id,truck_id,makespan,carbon,truck_route,drone_customers
NSGA_II,1,1,802.92,3068.95,0 124 88 24 58 34 71 159 0,
NSGA_II,1,2,802.92,3068.95,0 60 78 64 50 111 4 56 163 13 55 62 177 170 130 145 82 143 33 178 160 59 108 114 73 26 179 113 37 148 129 93 25 19 134 107 175 122 46 16 139 198 191 48 140 117 63 192 40 74 154 91 126 174 76 116 43 197 96 164 21 200 187 165 18 150 54 72 70 32 14 146 185 27 44 80 128 131 29 176 104 157 156 89 42 100 28 141 138 98 173 66 85 112 97 189 105 135 125 20 152 2 102 36 9 180 45 199 94 153 77 147 109 1 47 86 3 136 12 184 144 115 30 31 120 118 35 119 183 168 158 172 127 87 53 142 162 22 10 23 155 67 61 169 151 137 11 196 6 0,40 85 115 176
NSGA_II,1,3,802.92,3068.95,0 5 38 149 0,
NSGA_II,1,4,802.92,3068.95,0 8 161 194 106 79 186 167 0,
NSGA_II,1,5,802.92,3068.95,0 49 0,
NSGA_II,1,6,802.92,3068.95,0 75 52 57 81 7 195 84 69 90 190 41 121 65 166 99 83 188 103 171 181 133 92 39 101 68 15 110 182 95 123 51 193 132 17 0,95
NSGA_II,2,1,602.35,3081.52,0 60 0,
NSGA_II,2,2,602.35,3081.52,0 50 13 169 61 67 155 10 22 142 162 115 30 31 183 87 172 127 118 12 86 47 1 109 153 135 125 66 28 81 100 141 29 131 80 27 71 70 150 18 187 197 164 96 43 116 91 154 181 192 55 130 145 143 178 160 73 114 113 129 107 123 134 51 16 46 122 139 48 9 152 45 6 196 0,113
NSGA_II,2,3,602.35,3081.52,0 3 149 5 198 4 0,
NSGA_II,2,4,602.35,3081.52,0 180 159 97 112 85 98 138 79 167 156 195 157 104 186 176 38 7 58 34 185 44 146 14 32 54 39 21 194 174 76 106 92 133 74 40 103 188 171 63 117 165 140 110 101 68 182 95 15 175 19 8 62 161 170 65 177 82 33 83 99 59 166 26 179 121 148 93 25 56 132 163 193 64 17 111 151 11 137 124 88 23 119 41 190 53 69 90 158 168 35 120 84 136 184 144 94 199 77 75 147 24 20 57 42 173 189 105 52 102 36 49 0,85 92 95 180
NSGA_II,2,5,602.35,3081.52,0 78 0,
NSGA_II,2,6,602.35,3081.52,0 2 89 128 72 126 200 191 37 108 0,
NSGA_II,3,1,527.73,3320.96,0 178 0,
NSGA_II,3,2,527.73,3320.96,0 199 147 45 135 100 38 195 89 180 101 40 103 179 121 0,40
NSGA_II,3,3,527.73,3320.96,0 60 132 13 4 93 129 113 26 73 108 59 83 177 130 55 19 16 46 51 175 107 134 123 15 68 192 181 74 91 133 126 106 194 43 96 164 70 54 18 165 110 191 95 5 9 36 102 52 85 66 156 157 176 58 185 44 80 128 71 14 167 42 173 20 105 152 24 75 77 153 1 144 184 12 149 120 41 168 127 87 53 119 31 30 162 23 155 67 61 169 11 196 6 0,52
NSGA_II,3,4,527.73,3320.96,0 81 122 62 0,
NSGA_II,3,5,527.73,3320.96,0 17 111 151 137 124 88 10 22 142 183 190 69 90 172 158 35 118 115 136 3 84 86 47 109 94 57 28 104 186 7 34 29 131 27 146 32 79 141 138 98 125 189 112 97 2 159 49 72 39 150 200 187 197 174 76 116 92 154 188 171 63 117 140 48 182 198 139 8 161 170 143 82 145 33 99 160 166 114 37 148 25 65 56 163 193 78 64 50 0,
NSGA_II,3,6,527.73,3320.96,0 21 0,
NSGA_II,4,1,461.51,3323.08,0 151 11 169 124 10 23 115 31 119 41 190 53 87 172 90 35 118 120 136 149 1 109 147 24 75 6 196 45 125 100 42 89 157 104 186 38 7 34 79 66 97 52 2 159 102 5 48 150 164 70 72 96 200 187 197 76 92 154 192 91 165 15 107 139 51 134 123 55 130 143 83 166 108 114 73 26 179 148 93 50 78 0,38 92
NSGA_II,4,2,461.51,3323.08,0 32 0,
NSGA_II,4,3,461.51,3323.08,0 94 0,
NSGA_II,4,4,461.51,3323.08,0 193 13 25 129 113 99 160 82 145 161 65 170 177 62 8 19 175 46 16 198 191 110 101 68 63 181 171 188 103 74 133 116 174 194 140 18 39 54 80 128 44 27 71 14 146 185 195 156 85 112 9 180 189 173 28 81 167 47 86 84 3 184 144 183 127 158 22 162 155 67 88 17 111 4 132 56 163 0,133 160
NSGA_II,4,5,461.51,3323.08,0 12 0,
NSGA_II,4,6,461.51,3323.08,0 60 64 33 178 59 37 121 122 117 40 126 106 43 21 182 95 49 36 105 135 98 138 176 58 131 29 141 57 20 152 77 153 199 61 30 168 69 142 137 0,
NSGA_II,5,1,441.22,3487.04,0 86 47 144 11 62 56 0,144
NSGA_II,5,2,441.22,3487.04,0 60 193 50 4 151 155 30 31 127 69 190 119 136 1 109 81 173 42 89 186 7 34 128 44 80 72 54 39 164 200 174 116 133 103 171 181 63 55 130 82 99 166 73 26 65 123 139 46 15 52 85 24 147 0,50 69
NSGA_II,5,3,441.22,3487.04,0 49 5 102 2 105 112 66 125 138 176 58 131 156 167 79 100 57 20 152 6 199 3 12 184 41 172 90 183 162 23 61 124 169 111 78 163 8 161 170 108 160 83 33 188 40 74 91 76 21 150 165 117 101 182 95 122 175 107 134 0,
NSGA_II,5,4,441.22,3487.04,0 17 64 132 13 93 129 148 121 37 113 179 114 59 178 143 145 19 51 16 198 191 48 140 110 68 192 154 126 92 106 194 43 197 187 18 96 70 32 71 27 185 14 146 29 38 157 104 195 141 98 135 189 97 36 9 159 45 75 77 153 94 84 149 120 118 35 168 158 87 53 142 22 10 115 67 88 137 196 0,13 92 137 189
NSGA_II,5,5,441.22,3487.04,0 180 28 0,
NSGA_II,5,6,441.22,3487.04,0 25 177 0,
NSGA_II,6,1,411.68,3587.77,0 49 159 20 57 81 28 85 98 141 29 34 131 128 44 71 72 39 200 116 133 154 140 191 95 15 198 139 46 107 55 62 160 99 166 37 65 170 143 130 151 137 88 22 183 127 69 190 30 3 86 47 109 17 111 50 78 0,50 137
NSGA_II,6,2,411.68,3587.77,0 64 193 163 132 56 13 121 179 114 73 113 33 82 145 134 122 123 68 182 48 63 181 171 188 103 91 92 106 174 197 21 187 18 150 164 96 54 70 80 146 7 186 104 156 167 138 135 189 97 52 2 152 45 75 94 84 136 184 118 35 90 158 87 53 41 142 10 115 67 124 11 0,92 123
NSGA_II,6,3,411.68,3587.77,0 199 153 77 147 42 157 176 76 165 36 0,
NSGA_II,6,4,411.68,3587.77,0 25 0,
NSGA_II,6,5,411.68,3587.77,0 173 0,
NSGA_II,6,6,411.68,3587.77,0 196 6 180 9 5 102 105 112 66 125 89 100 79 32 14 27 185 58 38 195 149 12 1 24 144 31 120 172 168 119 162 23 155 61 169 93 129 148 26 108 59 83 178 177 161 8 43 194 126 74 40 192 117 101 110 175 19 51 16 4 60 0,23 40 105
NSGA_II,7,1,411.38,3640.39,0 193 78 132 11 137 30 31 35 158 190 22 37 166 99 33 8 15 95 40 174 164 200 165 131 146 185 176 34 141 138 98 112 5 105 24 196 0,176
NSGA_II,7,2,411.38,3640.39,0 102 159 2 52 100 42 89 7 186 38 29 28 66 97 70 72 21 187 197 194 126 91 74 192 188 123 139 16 51 107 55 130 145 82 177 143 178 83 59 108 160 26 114 179 113 93 151 124 115 120 183 87 172 90 53 136 149 1 109 147 75 45 6 0,51
NSGA_II,7,3,411.38,3640.39,0 88 155 144 184 3 84 86 47 9 85 167 156 44 39 133 181 63 68 191 198 46 62 170 13 56 0,133
NSGA_II,7,4,411.38,3640.39,0 122 175 25 129 148 121 73 65 161 19 134 101 110 182 48 140 117 171 103 154 92 106 116 76 43 96 54 150 18 36 49 180 189 125 173 79 32 14 71 128 80 27 58 195 104 157 81 57 20 77 153 199 94 12 119 118 127 69 168 41 142 162 10 23 67 61 169 111 4 163 50 17 60 0,41 111 121 129
NSGA_II,7,5,411.38,3640.39,0 135 0,
NSGA_II,7,6,411.38,3640.39,0 152 64 0,
NSGA_II,8,1,410.48,3682.31,0 142 0,
NSGA_II,8,2,410.48,3682.31,0 56 122 113 73 59 33 67 23 35 168 157 44 146 156 42 98 97 36 0,
NSGA_II,8,3,410.48,3682.31,0 147 153 0,
NSGA_II,8,4,410.48,3682.31,0 17 78 163 13 4 129 179 99 177 170 55 19 68 48 140 63 40 74 171 154 174 76 96 200 187 165 164 72 32 14 80 128 27 185 58 34 89 100 79 85 189 105 20 180 6 24 109 1 3 120 118 90 183 30 31 10 22 88 137 151 184 94 0,
NSGA_II,8,5,410.48,3682.31,0 196 45 75 77 199 47 84 149 136 12 41 87 158 172 53 162 61 11 169 111 25 93 148 121 37 26 114 108 160 83 82 145 143 161 130 62 175 139 46 51 16 198 182 117 188 181 91 133 126 194 197 21 18 54 70 71 131 29 176 7 138 28 173 125 66 112 52 102 5 49 0,51
NSGA_II,8,6,410.48,3682.31,0 60 193 65 178 166 8 123 134 107 15 101 192 103 92 106 116 43 39 150 110 191 95 9 159 2 152 57 135 81 141 167 38 186 104 195 86 144 115 119 190 127 69 155 124 132 50 64 0,15 92 95 152
NSGA_II,9,1,385.22,3757.93,0 68 25 129 67 13 78 0,
NSGA_II,9,2,385.22,3757.93,0 17 132 111 148 179 113 26 130 143 145 55 19 122 198 48 63 171 188 91 76 174 21 200 187 165 18 39 70 72 80 131 186 157 156 89 42 100 141 138 28 125 189 105 52 102 5 49 45 147 77 153 86 12 35 30 115 11 151 0,189 200
NSGA_II,9,3,385.22,3757.93,0 155 162 31 172 127 190 184 3 1 94 75 6 152 9 180 159 2 97 81 167 104 44 128 146 150 164 194 154 103 181 117 15 95 139 134 8 73 108 83 178 33 65 193 50 60 0,15 152
NSGA_II,9,4,385.22,3757.93,0 196 169 0,
NSGA_II,9,5,385.22,3757.93,0 64 163 56 4 93 121 37 114 166 59 99 62 123 51 16 182 110 101 192 40 133 126 92 106 116 43 197 96 54 32 14 71 27 185 38 7 195 29 98 20 135 112 36 199 109 47 149 136 144 120 118 168 158 90 69 87 53 183 41 119 10 61 88 124 137 0,40
NSGA_II,9,6,385.22,3757.93,0 24 57 173 34 58 176 79 66 85 140 74 191 46 175 107 161 170 177 82 160 22 142 23 84 0,176
NSGA_II,10,1,370.06,3766.39,0 50 193 65 114 73 143 82 130 19 51 46 48 140 63 181 103 133 91 76 164 39 54 128 80 44 7 186 104 89 42 97 173 81 47 136 30 118 158 127 69 190 142 155 67 88 151 144 1 109 147 45 0,69 193
NSGA_II,10,2,370.06,3766.39,0 3 12 184 199 6 152 20 57 100 156 176 58 131 34 167 138 125 66 112 189 105 2 102 5 49 95 182 117 165 150 21 174 116 74 40 171 188 101 15 139 122 175 107 134 8 170 145 33 83 160 108 172 41 119 162 23 124 169 111 4 163 78 60 0,152 189
NSGA_II,10,3,370.06,3766.39,0 180 159 52 85 98 195 157 38 29 185 146 71 32 70 72 18 187 200 96 197 194 92 126 154 192 68 191 198 16 123 55 62 161 177 99 59 26 37 113 179 121 148 93 25 13 132 64 11 137 22 115 120 35 90 87 53 31 149 84 94 24 77 153 196 0,38 92 197
NSGA_II,10,4,370.06,3766.39,0 17 56 178 166 129 168 183 10 61 75 28 141 79 14 27 106 43 110 36 9 0,
NSGA_II,10,5,370.06,3766.39,0 135 0,
NSGA_II,10,6,370.06,3766.39,0 86 0,
NSGA_II,11,1,341.01,3860.86,0 196 136 31 30 35 158 172 118 157 104 186 138 98 42 32 72 164 43 200 187 48 15 139 134 130 108 166 37 10 115 124 137 11 151 50 0,200
NSGA_II,11,2,341.01,3860.86,0 64 0,
NSGA_II,11,3,341.01,3860.86,0 7 0,
NSGA_II,11,4,341.01,3860.86,0 6 147 75 45 152 135 100 89 29 38 66 97 52 2 102 70 150 21 96 92 126 103 188 192 123 107 51 55 143 178 83 59 73 114 179 121 148 93 23 53 87 90 168 190 41 119 120 149 1 109 94 0,123
NSGA_II,11,5,341.01,3860.86,0 9 112 85 189 81 28 167 14 44 146 156 84 3 86 47 184 144 127 183 162 155 88 4 132 56 13 193 25 113 26 99 160 82 65 170 177 145 62 63 171 181 74 91 133 194 197 54 39 140 110 68 191 198 175 46 16 0,113
NSGA_II,11,6,341.01,3860.86,0 180 159 36 5 49 122 129 33 161 8 19 95 182 101 117 40 154 106 116 76 174 165 18 131 71 128 80 27 185 34 58 176 195 79 141 173 125 105 57 20 24 77 153 199 12 69 142 22 67 61 169 111 17 163 78 60 0,180
NSGA_II,12,1,337.42,4083.48,0 193 13 56 25 170 82 19 198 191 63 112 85 167 58 44 156 84 86 3 12 0,
NSGA_II,12,2,337.42,4083.48,0 94 24 22 155 137 163 129 140 171 74 40 174 165 72 32 14 80 185 104 141 105 5 0,
NSGA_II,12,3,337.42,4083.48,0 79 34 4 0,
NSGA_II,12,4,337.42,4083.48,0 50 78 132 62 33 179 113 65 130 161 55 8 107 46 139 187 18 39 70 164 197 117 68 15 95 49 180 173 42 138 146 128 131 176 186 149 136 31 120 124 151 11 196 153 0,196
NSGA_II,12,5,337.42,4083.48,0 111 64 16 134 175 122 48 150 21 96 76 194 91 154 181 103 188 83 160 108 114 73 143 145 169 67 23 10 162 53 183 127 172 69 190 118 115 1 109 57 81 89 100 28 125 66 97 52 102 9 159 2 152 45 75 6 0,152
NSGA_II,12,6,337.42,4083.48,0 199 77 147 47 184 30 35 168 158 90 87 41 119 142 88 61 144 20 71 27 38 157 195 7 29 98 135 189 36 182 200 54 43 116 106 92 126 133 192 101 110 51 123 177 178 99 59 166 26 37 121 148 93 17 60 0,92 101
NSGA_II,13,1,333.98,4098.22,0 189 0,189
NSGA_II,13,2,333.98,4098.22,0 16 139 198 191 187 200 54 72 70 194 40 74 181 188 15 123 161 177 82 145 160 83 148 121 25 13 64 111 11 169 155 162 53 87 69 35 84 1 77 20 167 29 58 7 38 157 156 98 66 112 52 2 102 49 0,
NSGA_II,13,3,333.98,4098.22,0 6 153 23 147 85 101 92 26 175 0,
NSGA_II,13,4,333.98,4098.22,0 50 78 93 37 179 99 33 65 130 62 55 8 134 68 192 171 154 133 126 197 21 96 164 18 165 95 5 180 105 173 42 195 186 34 131 185 146 32 138 24 136 149 31 41 22 115 137 0,
NSGA_II,13,5,333.98,4098.22,0 124 61 10 90 183 120 12 94 199 196 57 28 141 79 14 27 71 81 159 36 9 150 174 116 43 117 110 182 46 122 129 113 166 59 108 178 170 4 56 163 193 132 17 0,113
NSGA_II,13,6,333.98,4098.22,0 60 151 88 67 30 119 118 168 158 172 127 190 142 114 73 143 19 107 51 48 140 63 103 91 106 76 39 80 128 44 176 104 89 100 135 125 97 152 45 75 47 86 3 184 144 109 0,
NSGA_II,14,1,333.2,4117.29,0 6 153 84 172 127 69 53 162 10 169 129 113 73 108 143 134 175 51 122 139 16 182 110 117 181 154 91 76 96 150 71 156 167 81 28 66 2 49 9 0,51 129
NSGA_II,14,2,333.2,4117.29,0 60 163 56 25 148 179 114 83 82 62 123 74 106 116 43 194 18 101 191 36 102 159 189 125 20 57 100 79 14 80 27 58 157 86 47 184 144 1 109 75 199 61 115 30 118 35 168 158 87 183 142 23 67 88 137 17 0,101 115
NSGA_II,14,3,333.2,4117.29,0 45 48 19 55 145 0,
NSGA_II,14,4,333.2,4117.29,0 94 77 147 120 190 41 119 155 121 37 26 166 59 160 178 177 161 65 111 50 64 193 46 171 188 103 126 92 197 54 70 21 200 140 112 98 138 29 104 38 44 32 89 135 97 52 105 152 0,38 41 121
NSGA_II,14,5,333.2,4117.29,0 78 93 99 33 130 8 107 198 95 15 68 63 192 40 133 174 187 165 164 39 72 128 146 185 131 34 195 7 176 186 31 90 22 124 151 11 12 136 149 3 42 173 141 85 5 180 24 196 0,
NSGA_II,14,6,333.2,4117.29,0 132 4 170 13 0,
NSGA_II,15,1,309.84,4230.58,0 122 134 68 101 171 74 40 174 150 165 140 36 97 105 98 79 32 14 80 44 27 185 146 34 157 156 42 24 147 153 94 137 67 23 115 120 35 168 142 22 113 73 59 33 129 4 56 163 0,40
NSGA_II,15,2,309.84,4230.58,0 17 111 151 169 88 10 31 30 183 90 118 184 3 1 109 6 180 49 189 85 20 100 89 58 128 72 96 164 200 187 76 154 63 48 139 19 55 170 177 145 160 99 179 13 78 0,111 160 200
NSGA_II,15,3,309.84,4230.58,0 5 102 52 125 173 28 29 131 176 7 138 112 18 54 70 21 197 194 126 91 181 188 117 182 198 16 51 175 130 161 82 143 83 108 26 37 121 148 25 11 61 162 53 41 136 84 77 45 196 0,
NSGA_II,15,4,309.84,4230.58,0 12 0,
NSGA_II,15,5,309.84,4230.58,0 71 149 87 93 46 0,
NSGA_II,15,6,309.84,4230.58,0 124 155 119 127 69 172 158 190 144 86 47 199 75 57 81 141 167 195 38 186 104 66 135 152 2 159 9 95 191 39 43 116 106 92 133 103 192 110 15 107 123 8 62 178 166 114 65 193 64 132 50 60 0,15 92 152
NSGA_II,16,1,307.22,4283.19,0 193 78 64 50 111 61 118 183 115 124 169 114 82 8 134 15 110 48 140 165 154 40 174 194 43 150 54 14 146 27 131 34 81 125 112 189 105 159 36 0,40 111
NSGA_II,16,2,307.22,4283.19,0 196 136 149 195 157 104 186 7 32 138 98 42 135 97 180 95 182 187 72 164 92 133 188 101 139 65 130 99 108 166 37 121 148 25 30 31 41 168 172 69 127 90 35 137 11 151 132 17 0,127 180
NSGA_II,16,3,307.22,4283.19,0 152 89 185 52 102 192 103 179 19 51 0,51
NSGA_II,16,4,307.22,4283.19,0 60 67 23 10 22 142 162 119 53 87 158 190 120 1 109 94 147 24 75 6 45 2 66 28 57 100 141 38 29 80 70 96 197 21 200 126 106 91 171 68 123 55 143 178 83 59 73 26 129 93 107 16 0,23 57 96
NSGA_II,16,5,307.22,4283.19,0 74 145 0,
NSGA_II,16,6,307.22,4283.19,0 4 56 13 163 9 49 5 85 79 167 156 176 58 44 128 71 39 18 76 116 181 63 117 191 198 46 122 175 62 161 177 170 33 160 113 88 155 144 184 12 3 84 86 47 173 20 77 153 199 0,13
NSGA_II,17,1,296.8,4371.29,0 111 151 11 169 162 31 41 183 90 118 30 184 7 29 131 70 54 164 96 197 21 63 48 139 16 19 130 161 177 145 82 83 99 160 26 37 25 175 198 49 5 102 112 173 75 77 6 196 0,111
NSGA_II,17,2,296.8,4371.29,0 199 45 135 195 176 66 2 9 117 18 43 91 181 107 46 108 61 53 158 172 69 87 149 12 0,69
NSGA_II,17,3,296.8,4371.29,0 17 50 64 78 193 93 121 148 8 134 123 15 110 171 133 126 92 106 116 76 39 165 140 191 95 36 52 81 98 141 167 71 38 186 104 35 119 115 155 88 144 47 86 84 109 0,92
NSGA_II,17,4,296.8,4371.29,0 180 159 97 189 125 152 20 57 28 138 185 80 146 32 150 200 194 154 103 188 192 101 182 122 51 65 113 114 166 178 33 143 62 163 132 60 137 124 10 142 127 190 136 1 94 0,101
NSGA_II,17,5,296.8,4371.29,0 67 0,
NSGA_II,17,6,296.8,4371.29,0 23 22 168 120 3 153 147 24 105 85 79 100 42 89 156 157 58 34 27 44 128 14 72 187 174 74 40 68 55 170 59 73 179 129 4 56 13 0,40
NSGA_II,18,1,284.11,4396.68,0 50 13 56 169 155 115 31 30 35 184 136 86 147 77 153 199 45 173 42 156 157 176 146 14 32 28 112 189 36 117 165 150 21 174 76 63 40 154 33 178 114 113 25 82 145 134 0,40 115
NSGA_II,18,2,284.11,4396.68,0 26 148 0,
NSGA_II,18,3,284.11,4396.68,0 17 193 132 4 8 161 99 166 121 179 65 19 101 188 103 181 133 92 194 39 110 182 95 5 102 135 125 100 79 38 7 27 195 89 12 149 41 168 172 90 69 61 180 49 0,101
NSGA_II,18,4,284.11,4396.68,0 60 93 73 59 83 143 51 107 123 192 126 106 96 70 80 185 29 141 66 52 152 6 75 94 109 1 120 119 53 22 23 0,23 51 96
NSGA_II,18,5,284.11,4396.68,0 159 105 97 98 167 57 20 24 84 118 190 158 127 87 183 142 162 10 67 88 11 111 129 170 62 175 139 198 68 171 74 200 164 54 140 48 0,105
NSGA_II,18,6,284.11,4396.68,0 64 78 163 55 130 177 160 108 37 16 46 122 15 91 116 43 197 72 18 187 191 9 2 85 138 71 44 128 131 34 58 186 104 81 144 3 47 196 137 124 151 0,
NSGA_II,19,1,282.99,4541.55,0 94 77 11 155 162 87 149 1 84 156 195 157 186 58 29 146 138 98 173 52 70 54 197 187 194 74 188 191 182 95 198 16 123 8 130 161 177 82 83 113 148 25 13 64 78 0,113
NSGA_II,19,2,282.99,4541.55,0 137 115 23 22 190 53 12 3 147 153 6 152 5 105 85 66 125 81 100 42 38 34 131 185 32 72 96 165 200 21 174 92 103 171 15 175 46 26 65 132 50 193 0,23 38
NSGA_II,19,3,282.99,4541.55,0 128 9 0,
NSGA_II,19,4,282.99,4541.55,0 60 180 2 97 167 104 44 164 150 154 181 117 139 134 33 178 108 73 169 10 31 69 184 196 0,69 180
NSGA_II,19,5,282.99,4541.55,0 17 163 56 93 179 59 170 62 51 122 101 68 40 106 116 43 18 36 159 135 20 57 79 14 71 27 7 176 86 136 120 118 35 168 90 183 41 119 61 124 199 75 45 0,
NSGA_II,19,6,282.99,4541.55,0 24 109 47 144 30 158 172 127 142 67 88 151 111 4 129 121 37 114 166 99 160 143 145 55 19 107 192 91 133 126 76 63 110 48 140 39 80 89 28 141 112 189 102 49 0,
NSGA_II,20,1,268.37,4638.04,0 46 198 68 63 92 187 39 96 72 70 14 29 7 38 186 104 81 135 85 112 102 45 6 86 3 183 168 158 162 23 37 26 59 99 160 170 4 111 56 193 64 50 0,96
NSGA_II,20,2,268.37,4638.04,0 196 105 66 167 58 157 156 89 42 24 147 153 184 12 149 31 119 87 41 120 155 67 11 169 13 55 177 108 19 134 107 175 197 164 54 43 106 91 181 110 48 16 0,41
NSGA_II,20,3,268.37,4638.04,0 17 78 93 121 148 130 8 123 15 95 191 140 171 133 126 76 165 5 36 52 98 32 71 44 57 47 84 109 144 35 30 88 61 75 77 0,95
NSGA_II,20,4,268.37,4638.04,0 60 163 132 137 10 142 127 190 136 1 94 20 138 146 80 185 28 125 189 152 180 182 101 194 192 154 103 188 33 178 166 114 113 65 143 62 51 122 0,137
NSGA_II,20,5,268.37,4638.04,0 9 49 159 2 97 173 100 141 195 176 27 128 18 150 200 21 174 116 74 40 117 139 161 145 82 83 73 179 129 53 69 90 172 118 115 124 151 0,
NSGA_II,20,6,268.37,4638.04,0 199 131 34 79 22 25 0,
NSGA_II,21,1,266.74,4671.8,0 60 17 13 148 121 37 26 170 177 178 59 171 106 126 200 14 29 58 38 98 189 36 20 147 77 47 3 184 30 35 168 142 61 88 137 199 0,13 38 121
NSGA_II,21,2,266.74,4671.8,0 84 167 79 112 110 25 56 193 0,
NSGA_II,21,3,266.74,4671.8,0 50 151 11 124 22 155 12 86 156 104 186 176 7 27 44 128 32 141 138 85 72 54 39 187 174 40 63 68 15 107 55 161 82 33 179 19 46 198 191 5 0,
NSGA_II,21,4,266.74,4671.8,0 78 132 4 136 149 31 90 41 120 93 113 99 65 130 62 8 95 182 165 18 192 133 197 164 71 146 185 131 34 195 42 173 24 94 196 180 0,
NSGA_II,21,5,266.74,4671.8,0 6 153 75 81 89 28 97 2 52 105 152 49 48 150 70 21 96 76 91 154 181 188 117 175 51 122 139 16 134 143 160 166 73 129 162 127 69 172 10 169 111 0,111
NSGA_II,21,6,266.74,4671.8,0 64 163 109 45 57 135 125 66 157 80 100 1 144 115 118 158 87 53 183 190 119 23 67 114 108 83 145 123 74 103 92 116 43 194 101 140 102 159 9 0,23 115
NSGA_II,22,1,265.48,4705.31,0 165 174 43 18 0,
NSGA_II,22,2,265.48,4705.31,0 17 193 163 56 170 166 108 129 93 46 122 68 110 117 106 150 14 27 176 104 120 183 90 168 31 10 61 124 12 136 86 24 57 28 141 79 34 42 125 135 36 0,57
NSGA_II,22,3,265.48,4705.31,0 184 144 151 88 67 142 30 119 190 127 172 158 118 3 47 89 80 71 39 97 152 45 196 51 107 48 63 103 133 76 91 192 55 62 143 114 65 4 0,
NSGA_II,22,4,265.48,4705.31,0 77 109 84 7 29 138 173 189 112 52 102 49 70 54 197 194 188 182 198 139 16 19 123 130 161 145 82 160 83 99 148 121 25 169 162 41 11 111 0,
NSGA_II,22,5,265.48,4705.31,0 6 153 94 155 23 53 87 69 149 1 147 20 98 156 157 186 38 58 195 131 146 85 187 92 74 40 15 191 95 175 8 177 33 26 113 13 78 64 50 0,69
NSGA_II,22,6,265.48,4705.31,0 60 132 137 115 35 22 37 179 73 59 178 134 101 140 171 181 154 126 116 96 21 200 164 72 128 44 185 32 167 100 81 66 105 2 159 5 9 180 75 199 0,115
NSGA_II,23,1,259.54,4732.43,0 60 193 13 177 170 26 121 59 171 126 106 14 29 58 104 167 79 112 189 20 47 184 31 168 142 61 88 0,
NSGA_II,23,2,259.54,4732.43,0 45 77 147 12 86 84 156 186 27 44 89 42 100 85 5 191 110 63 188 174 72 54 21 187 198 19 55 130 82 179 148 25 151 56 0,
NSGA_II,23,3,259.54,4732.43,0 50 62 83 99 161 107 46 68 192 133 194 39 138 32 146 80 128 131 176 195 141 173 52 102 159 180 75 94 1 3 149 41 172 22 162 155 124 11 6 0,
NSGA_II,23,4,259.54,4732.43,0 132 4 93 129 113 73 160 143 65 8 134 175 122 51 16 139 48 181 154 91 197 96 150 18 70 71 185 34 28 81 152 24 153 109 120 127 90 53 10 0,51
NSGA_II,23,5,259.54,4732.43,0 144 115 118 158 87 69 190 183 119 23 67 169 111 78 163 145 123 101 140 103 74 116 76 165 95 36 105 66 125 135 57 9 0,
NSGA_II,23,6,259.54,4732.43,0 17 64 37 114 108 166 178 33 40 92 43 164 200 117 15 182 49 2 97 98 7 38 157 35 30 137 136 199 196 0,
NSGA_II,24,1,243.56,5270.33,0 50 193 148 114 73 99 82 134 15 110 101 174 106 43 96 54 150 95 36 112 189 81 34 80 27 24 67 23 162 183 168 41 124 0,101
NSGA_II,24,2,243.56,5270.33,0 64 163 56 111 25 113 166 65 62 123 122 182 68 188 103 74 133 164 32 185 104 157 79 105 153 22 142 119 90 127 69 118 30 31 11 0,69 113
NSGA_II,24,3,243.56,5270.33,0 17 169 88 61 158 144 1 12 149 3 84 58 29 71 187 76 154 171 83 59 26 177 55 46 139 18 138 141 57 20 77 199 0,
NSGA_II,24,4,243.56,5270.33,0 151 137 120 86 47 109 147 125 85 66 100 42 89 156 186 128 72 39 165 200 126 63 140 191 102 2 180 9 51 107 130 170 160 37 93 13 78 0,137
NSGA_II,24,5,243.56,5270.33,0 60 4 179 108 178 161 175 198 117 181 21 70 44 176 38 7 167 184 53 35 136 196 75 45 173 97 52 5 49 0,
NSGA_II,24,6,243.56,5270.33,0 94 6 152 159 135 28 195 131 146 14 98 155 10 115 87 172 190 121 129 33 143 145 8 192 40 91 116 92 194 197 48 16 19 132 0,
