solution_id,algorithm,makespan,carbon,truck_id,truck_route,drone_customers
1,PFG_MOEAD,205.66,911.71,1,"[0, 80, 94, 49, 32, 3, 36, 54, 70, 72, 67, 86, 82, 23, 62, 48, 58, 77, 50, 0]","[70, 86, 94]"
1,PFG_MOEAD,205.66,911.71,2,"[0, 92, 43, 25, 2, 99, 34, 1, 21, 22, 84, 56, 39, 68, 37, 33, 91, 20, 0]",[]
1,PFG_MOEAD,205.66,911.71,3,"[0, 19, 18, 16, 40, 17, 31, 35, 71, 30, 64, 78, 74, 63, 88, 85, 98, 15, 12, 27, 13, 0]","[13, 31, 98]"
1,PFG_MOEAD,205.66,911.71,4,"[0, 4, 100, 81, 9, 42, 7, 8, 41, 73, 14, 95, 0]",[]
1,PFG_MOEAD,205.66,911.71,5,"[0, 57, 96, 83, 11, 89, 10, 26, 59, 44, 38, 47, 69, 28, 46, 76, 55, 75, 93, 0]",[75]
1,PFG_MOEAD,205.66,911.71,6,"[0, 97, 61, 60, 52, 87, 6, 65, 90, 29, 5, 79, 51, 24, 45, 66, 53, 0]",[66]
2,PFG_MOEAD,236.55,802.63,1,"[0, 93, 75, 55, 97, 61, 60, 52, 87, 6, 65, 90, 29, 5, 79, 51, 94, 0]","[55, 60, 79, 94]"
2,PFG_MOEAD,236.55,802.63,2,"[0, 4, 80, 53, 66, 24, 0]",[24]
2,PFG_MOEAD,236.55,802.63,3,"[0, 45, 49, 32, 3, 36, 54, 70, 72, 67, 86, 82, 58, 77, 62, 48, 50, 0]",[]
2,PFG_MOEAD,236.55,802.63,4,"[0, 92, 43, 25, 2, 99, 34, 1, 22, 23, 84, 56, 39, 68, 37, 33, 21, 91, 19, 18, 16, 40, 71, 35, 31, 17, 20, 0]","[35, 91]"
2,PFG_MOEAD,236.55,802.63,5,"[0, 13, 27, 12, 73, 15, 30, 64, 78, 74, 63, 88, 85, 98, 14, 11, 41, 95, 57, 0]","[13, 95]"
2,PFG_MOEAD,236.55,802.63,6,"[0, 83, 96, 26, 10, 89, 59, 44, 38, 47, 69, 28, 42, 76, 9, 81, 100, 8, 7, 46, 0]","[28, 83, 89, 100]"
3,PFG_MOEAD,202.13,930.67,1,"[0, 2, 25, 43, 34, 99, 1, 22, 84, 56, 39, 68, 37, 33, 21, 91, 19, 18, 16, 40, 17, 20, 0]","[19, 22, 25, 33]"
3,PFG_MOEAD,202.13,930.67,2,"[0, 31, 35, 71, 30, 64, 78, 74, 63, 88, 85, 98, 15, 73, 14, 41, 12, 27, 13, 0]","[31, 98]"
3,PFG_MOEAD,202.13,930.67,3,"[0, 57, 95, 11, 83, 28, 42, 76, 9, 55, 75, 81, 0]","[55, 76]"
3,PFG_MOEAD,202.13,930.67,4,"[0, 10, 89, 69, 47, 38, 44, 59, 26, 96, 46, 7, 8, 100, 93, 97, 61, 60, 0]",[]
3,PFG_MOEAD,202.13,930.67,5,"[0, 53, 66, 94, 49, 51, 79, 5, 29, 52, 87, 6, 65, 90, 45, 0]",[94]
3,PFG_MOEAD,202.13,930.67,6,"[0, 4, 80, 24, 32, 3, 36, 54, 70, 72, 67, 86, 82, 23, 62, 48, 58, 77, 50, 92, 0]","[4, 70]"
4,PFG_MOEAD,200.21,941.18,1,"[0, 71, 30, 64, 78, 74, 63, 88, 85, 98, 15, 73, 14, 41, 12, 27, 13, 57, 0]",[57]
4,PFG_MOEAD,200.21,941.18,2,"[0, 95, 11, 83, 96, 26, 59, 44, 38, 47, 69, 89, 10, 28, 42, 76, 9, 55, 75, 81, 0]","[9, 28]"
4,PFG_MOEAD,200.21,941.18,3,"[0, 46, 7, 8, 100, 93, 97, 61, 60, 5, 29, 52, 87, 6, 65, 0]",[8]
4,PFG_MOEAD,200.21,941.18,4,"[0, 4, 80, 53, 66, 94, 82, 86, 67, 72, 70, 54, 36, 3, 32, 49, 51, 79, 90, 24, 45, 0]","[4, 32]"
4,PFG_MOEAD,200.21,941.18,5,"[0, 50, 77, 58, 48, 62, 68, 39, 56, 84, 23, 22, 1, 34, 99, 2, 25, 43, 92, 0]","[2, 77]"
4,PFG_MOEAD,200.21,941.18,6,"[0, 21, 33, 37, 91, 19, 18, 16, 40, 35, 31, 17, 20, 0]","[19, 20]"
5,PFG_MOEAD,248.57,796.22,1,"[0, 20, 17, 31, 35, 71, 30, 64, 78, 74, 63, 88, 85, 98, 15, 73, 14, 96, 41, 12, 27, 13, 0]","[13, 14]"
5,PFG_MOEAD,248.57,796.22,2,"[0, 57, 95, 11, 83, 26, 10, 89, 59, 44, 38, 47, 69, 28, 46, 7, 42, 76, 9, 55, 75, 81, 8, 0]","[46, 57, 89]"
5,PFG_MOEAD,248.57,796.22,3,"[0, 100, 93, 97, 61, 60, 52, 87, 6, 65, 90, 29, 5, 79, 32, 49, 94, 66, 53, 51, 80, 4, 0]",[]
5,PFG_MOEAD,248.57,796.22,4,"[0, 24, 0]",[24]
5,PFG_MOEAD,248.57,796.22,5,"[0, 45, 3, 36, 54, 70, 72, 67, 86, 82, 23, 84, 56, 39, 68, 37, 33, 22, 21, 1, 34, 99, 2, 25, 43, 92, 62, 48, 58, 77, 50, 0]","[22, 43, 58, 62]"
5,PFG_MOEAD,248.57,796.22,6,"[0, 91, 19, 18, 16, 40, 0]",[]
6,PFG_MOEAD,208.45,836.2,1,"[0, 25, 2, 99, 1, 22, 23, 84, 56, 39, 68, 37, 33, 21, 91, 18, 16, 40, 19, 31, 17, 20, 0]","[20, 22, 31]"
6,PFG_MOEAD,208.45,836.2,2,"[0, 35, 71, 30, 64, 78, 74, 63, 88, 85, 98, 15, 73, 0]",[]
6,PFG_MOEAD,208.45,836.2,3,"[0, 13, 27, 12, 41, 95, 57, 96, 11, 14, 83, 26, 10, 89, 59, 44, 38, 47, 69, 28, 42, 7, 46, 0]","[14, 28, 89, 96]"
6,PFG_MOEAD,208.45,836.2,4,"[0, 8, 100, 81, 76, 9, 55, 75, 93, 97, 61, 60, 52, 87, 6, 65, 90, 29, 5, 79, 0]","[8, 75, 76]"
6,PFG_MOEAD,208.45,836.2,5,"[0, 51, 94, 66, 53, 80, 4, 0]",[]
6,PFG_MOEAD,208.45,836.2,6,"[0, 24, 45, 49, 32, 36, 54, 70, 72, 67, 86, 82, 3, 58, 77, 50, 48, 62, 92, 34, 43, 0]","[32, 70, 86]"
7,PFG_MOEAD,194.57,966.46,1,"[0, 32, 3, 36, 54, 70, 72, 67, 86, 82, 23, 62, 48, 58, 77, 50, 92, 43, 0]","[62, 86]"
7,PFG_MOEAD,194.57,966.46,2,"[0, 25, 2, 99, 34, 1, 21, 22, 84, 56, 39, 68, 37, 33, 91, 20, 0]",[]
7,PFG_MOEAD,194.57,966.46,3,"[0, 19, 18, 16, 40, 17, 31, 35, 71, 30, 64, 78, 74, 63, 88, 85, 98, 15, 12, 0]","[19, 31, 98]"
7,PFG_MOEAD,194.57,966.46,4,"[0, 4, 100, 81, 42, 7, 8, 95, 57, 96, 83, 14, 73, 41, 27, 13, 0]","[8, 57, 83]"
7,PFG_MOEAD,194.57,966.46,5,"[0, 11, 89, 10, 26, 59, 44, 38, 47, 69, 28, 46, 75, 55, 61, 97, 93, 0]",[89]
7,PFG_MOEAD,194.57,966.46,6,"[0, 76, 9, 60, 52, 87, 6, 65, 90, 29, 5, 79, 51, 49, 94, 66, 53, 80, 45, 24, 0]","[66, 76, 79]"
8,PFG_MOEAD,211.81,821.47,1,"[0, 2, 99, 1, 22, 23, 84, 56, 39, 68, 37, 33, 21, 91, 20, 0]","[22, 33]"
8,PFG_MOEAD,211.81,821.47,2,"[0, 17, 31, 19, 18, 16, 40, 35, 71, 30, 64, 78, 74, 63, 88, 85, 98, 15, 73, 14, 41, 12, 27, 13, 0]","[31, 35, 63, 98]"
8,PFG_MOEAD,211.81,821.47,3,"[0, 95, 57, 96, 11, 83, 26, 10, 89, 59, 44, 38, 47, 69, 28, 46, 7, 42, 76, 9, 55, 75, 81, 0]","[9, 83]"
8,PFG_MOEAD,211.81,821.47,4,"[0, 8, 100, 93, 97, 61, 60, 5, 29, 52, 87, 6, 65, 90, 79, 51, 94, 0]","[79, 94]"
8,PFG_MOEAD,211.81,821.47,5,"[0, 4, 80, 66, 82, 86, 67, 72, 70, 54, 36, 3, 32, 49, 45, 24, 53, 0]",[24]
8,PFG_MOEAD,211.81,821.47,6,"[0, 50, 77, 58, 62, 48, 92, 34, 43, 25, 0]","[43, 58]"
9,PFG_MOEAD,201.81,930.75,1,"[0, 50, 92, 62, 48, 77, 58, 86, 82, 4, 0]",[]
9,PFG_MOEAD,201.81,930.75,2,"[0, 93, 97, 61, 60, 52, 87, 6, 65, 90, 29, 5, 79, 51, 24, 45, 53, 66, 43, 0]","[43, 93]"
9,PFG_MOEAD,201.81,930.75,3,"[0, 25, 2, 99, 34, 1, 22, 23, 84, 56, 39, 68, 37, 33, 21, 91, 19, 31, 17, 20, 0]","[25, 31]"
9,PFG_MOEAD,201.81,930.75,4,"[0, 18, 16, 40, 35, 71, 30, 64, 78, 74, 63, 88, 85, 98, 15, 73, 0]",[98]
9,PFG_MOEAD,201.81,930.75,5,"[0, 13, 27, 12, 14, 41, 95, 57, 96, 11, 83, 26, 10, 89, 59, 44, 38, 47, 69, 28, 42, 7, 46, 0]","[28, 83, 89, 95]"
9,PFG_MOEAD,201.81,930.75,6,"[0, 8, 81, 75, 55, 9, 76, 100, 80, 94, 49, 32, 67, 72, 70, 54, 36, 3, 0]",[8]
10,PFG_MOEAD,203.33,911.83,1,"[0, 92, 33, 37, 68, 39, 56, 84, 23, 22, 1, 34, 99, 2, 25, 43, 0]",[]
10,PFG_MOEAD,203.33,911.83,2,"[0, 21, 91, 19, 18, 16, 40, 31, 17, 20, 35, 71, 15, 98, 85, 88, 63, 74, 78, 64, 30, 0]","[20, 91]"
10,PFG_MOEAD,203.33,911.83,3,"[0, 13, 27, 12, 41, 73, 57, 8, 7, 42, 9, 81, 100, 0]","[9, 100]"
10,PFG_MOEAD,203.33,911.83,4,"[0, 95, 83, 11, 14, 96, 89, 10, 26, 59, 44, 38, 47, 69, 28, 46, 76, 55, 75, 66, 53, 80, 0]","[76, 95, 96]"
10,PFG_MOEAD,203.33,911.83,5,"[0, 4, 93, 97, 61, 60, 52, 87, 6, 65, 90, 29, 5, 79, 51, 45, 24, 0]",[4]
10,PFG_MOEAD,203.33,911.83,6,"[0, 49, 32, 94, 82, 86, 67, 72, 70, 54, 36, 3, 58, 77, 62, 48, 50, 0]","[32, 58, 86]"
11,PFG_MOEAD,206.62,873.97,1,"[0, 99, 1, 22, 23, 84, 56, 39, 68, 37, 33, 21, 91, 19, 18, 16, 40, 35, 71, 31, 17, 20, 0]","[22, 31, 33, 91]"
11,PFG_MOEAD,206.62,873.97,2,"[0, 13, 27, 12, 41, 57, 95, 30, 64, 78, 74, 63, 88, 85, 98, 15, 73, 14, 11, 83, 26, 0]","[14, 98]"
11,PFG_MOEAD,206.62,873.97,3,"[0, 4, 80, 24, 55, 75, 81, 9, 76, 42, 28, 69, 47, 38, 44, 59, 89, 10, 96, 0]",[24]
11,PFG_MOEAD,206.62,873.97,4,"[0, 53, 66, 94, 49, 51, 79, 90, 65, 6, 87, 52, 29, 5, 61, 60, 97, 93, 100, 8, 7, 46, 0]","[93, 94]"
11,PFG_MOEAD,206.62,873.97,5,"[0, 45, 32, 3, 36, 54, 70, 72, 67, 86, 82, 58, 77, 48, 62, 50, 0]",[58]
11,PFG_MOEAD,206.62,873.97,6,"[0, 92, 34, 43, 25, 2, 0]",[]
12,PFG_MOEAD,277.24,781.59,1,"[0, 92, 34, 43, 25, 0]",[25]
12,PFG_MOEAD,277.24,781.59,2,"[0, 2, 99, 1, 22, 23, 84, 56, 39, 68, 37, 33, 21, 91, 19, 18, 16, 40, 31, 17, 20, 35, 71, 15, 98, 85, 88, 63, 74, 78, 64, 30, 73, 41, 12, 27, 13, 0]","[2, 20, 63, 91]"
12,PFG_MOEAD,277.24,781.59,3,"[0, 57, 95, 83, 11, 14, 96, 89, 10, 26, 59, 44, 38, 47, 69, 28, 7, 42, 9, 81, 100, 8, 0]","[8, 95]"
12,PFG_MOEAD,277.24,781.59,4,"[0, 4, 80, 53, 66, 45, 51, 79, 5, 29, 90, 65, 6, 87, 52, 60, 61, 97, 93, 75, 55, 76, 46, 0]","[60, 76]"
12,PFG_MOEAD,277.24,781.59,5,"[0, 24, 0]",[24]
12,PFG_MOEAD,277.24,781.59,6,"[0, 49, 32, 94, 82, 86, 67, 72, 70, 54, 36, 3, 58, 77, 48, 62, 50, 0]","[32, 70]"
13,PFG_MOEAD,236.48,817.26,1,"[0, 48, 62, 92, 43, 25, 2, 99, 34, 1, 21, 22, 23, 84, 56, 39, 68, 37, 33, 91, 16, 18, 19, 0]","[22, 43, 62]"
13,PFG_MOEAD,236.48,817.26,2,"[0, 20, 17, 31, 40, 35, 71, 15, 98, 85, 88, 63, 74, 78, 64, 30, 73, 0]",[98]
13,PFG_MOEAD,236.48,817.26,3,"[0, 13, 27, 12, 41, 95, 57, 96, 83, 14, 11, 89, 10, 26, 59, 44, 38, 47, 69, 28, 46, 7, 42, 76, 9, 55, 75, 81, 0]","[9, 13, 89]"
13,PFG_MOEAD,236.48,817.26,4,"[0, 8, 100, 93, 97, 61, 60, 5, 29, 52, 87, 6, 65, 90, 79, 24, 66, 53, 80, 4, 0]","[24, 100]"
13,PFG_MOEAD,236.48,817.26,5,"[0, 51, 45, 94, 49, 32, 3, 36, 54, 70, 72, 67, 86, 82, 58, 0]","[51, 94]"
13,PFG_MOEAD,236.48,817.26,6,"[0, 77, 50, 0]",[77]
14,PFG_MOEAD,273.07,787.9,1,"[0, 4, 0]",[4]
14,PFG_MOEAD,273.07,787.9,2,"[0, 24, 66, 53, 80, 0]",[]
14,PFG_MOEAD,273.07,787.9,3,"[0, 51, 86, 67, 72, 70, 54, 36, 3, 32, 49, 94, 45, 0]",[32]
14,PFG_MOEAD,273.07,787.9,4,"[0, 50, 25, 2, 99, 34, 1, 43, 92, 48, 62, 58, 77, 82, 22, 23, 84, 56, 39, 68, 37, 33, 21, 91, 20, 19, 18, 16, 40, 71, 35, 31, 17, 0]",[91]
14,PFG_MOEAD,273.07,787.9,5,"[0, 13, 27, 12, 41, 73, 15, 30, 64, 78, 74, 63, 88, 85, 98, 14, 11, 83, 96, 57, 95, 0]","[83, 95]"
14,PFG_MOEAD,273.07,787.9,6,"[0, 89, 10, 26, 59, 44, 38, 47, 69, 28, 46, 7, 42, 76, 9, 55, 75, 81, 100, 8, 93, 97, 61, 60, 5, 29, 52, 87, 6, 65, 90, 79, 0]","[8, 9, 28, 42, 60, 75, 79]"
15,PFG_MOEAD,314.26,714.35,1,"[0, 2, 25, 99, 34, 1, 22, 23, 84, 56, 39, 68, 37, 33, 21, 91, 19, 18, 16, 40, 20, 17, 31, 35, 71, 30, 64, 78, 74, 63, 88, 85, 98, 15, 73, 41, 12, 27, 13, 95, 57, 0]",[35]
15,PFG_MOEAD,314.26,714.35,2,"[0, 96, 0]",[96]
15,PFG_MOEAD,314.26,714.35,3,"[0, 14, 11, 83, 26, 10, 89, 59, 44, 38, 47, 69, 28, 46, 7, 42, 76, 9, 55, 75, 81, 100, 8, 93, 97, 61, 60, 5, 29, 52, 87, 6, 65, 90, 79, 24, 53, 80, 4, 0]","[14, 55, 60, 89]"
15,PFG_MOEAD,314.26,714.35,4,"[0, 66, 94, 45, 51, 49, 32, 3, 36, 54, 70, 72, 67, 86, 82, 58, 77, 62, 48, 50, 0]",[51]
15,PFG_MOEAD,314.26,714.35,5,"[0, 92, 0]",[]
15,PFG_MOEAD,314.26,714.35,6,"[0, 43, 0]",[43]
16,PFG_MOEAD,286.13,756.33,1,"[0, 20, 91, 19, 18, 16, 40, 17, 31, 35, 71, 30, 64, 78, 74, 63, 88, 85, 98, 15, 73, 14, 96, 57, 95, 41, 12, 27, 13, 0]",[98]
16,PFG_MOEAD,286.13,756.33,2,"[0, 11, 83, 26, 10, 89, 59, 44, 38, 47, 69, 28, 9, 76, 42, 7, 46, 0]",[]
16,PFG_MOEAD,286.13,756.33,3,"[0, 8, 100, 81, 55, 97, 61, 60, 5, 29, 52, 87, 6, 65, 90, 79, 53, 80, 4, 0]","[60, 100]"
16,PFG_MOEAD,286.13,756.33,4,"[0, 66, 0]",[66]
16,PFG_MOEAD,286.13,756.33,5,"[0, 94, 0]",[94]
16,PFG_MOEAD,286.13,756.33,6,"[0, 93, 75, 24, 45, 51, 49, 32, 3, 36, 54, 70, 72, 67, 86, 82, 23, 22, 84, 56, 39, 68, 37, 33, 21, 1, 34, 99, 2, 25, 50, 77, 58, 62, 48, 43, 92, 0]","[2, 32]"
